Match_ID,Nombre_Eq1,Nombre_Eq2,Gol_Match_Eq1,Gol_Match_Eq2,GANADOR,Gls90_Eq1,Ast90_Eq1,G+A90_Eq1,G-PK90_Eq1,G+A-PK90_Eq1,SCA90_Eq1,GCA90_Eq1,Sh90_Eq1,SoT90_Eq1,SoT%_Eq1,G/Sh_Eq1,G/SoT_Eq1,GA90_Eq1,Save%_Eq1,SoTA90_Eq1,Gls90_Eq2,Ast90_Eq2,G+A90_Eq2,G-PK90_Eq2,G+A-PK90_Eq2,SCA90_Eq2,GCA90_Eq2,Sh90_Eq2,SoT90_Eq2,SoT%_Eq2,G/Sh_Eq2,G/SoT_Eq2,GA90_Eq2,Save%_Eq2,SoTA90_Eq2,Year,Num_SemiF_Eq1,Num_SemiF_Eq2
1,Dinamo Zagreb,Chelsea,1,0,hr Dinamo Zagreb,0.67,0.33,1.0,0.67,1.0,16.67,1.33,9.17,3.33,0.36,0.07,0.2,1.83,0.77,5.83,1.2,0.7,1.9,1.0,1.7,28.3,2.0,15.2,5.1,0.34,0.07,0.2,0.9,0.76,3.7,2023,0.0,8.0
2,Dortmund,Copenhagen,3,0,de Dortmund,1.37,1.25,2.62,1.37,2.62,21.12,2.62,12.12,3.38,0.28,0.11,0.41,0.87,0.83,4.5,0.17,0.17,0.33,0.17,0.33,15.0,0.17,9.0,2.67,0.3,0.02,0.06,2.0,0.71,6.33,2023,4.0,0.0
3,Celtic,Real Madrid,0,3,es Real Madrid,0.5,0.17,0.67,0.5,0.67,23.5,0.83,13.67,4.83,0.35,0.04,0.1,2.5,0.58,5.17,2.17,1.75,3.92,1.92,3.67,27.92,3.75,15.33,6.17,0.4,0.13,0.31,1.08,0.78,4.5,2023,4.0,32.0
4,Benfica,Maccabi Haifa,2,0,pt Benfica,2.5,1.6,4.1,2.0,3.6,25.4,4.7,13.3,4.8,0.36,0.15,0.42,1.3,0.68,3.1,1.17,1.0,2.17,1.0,2.0,23.33,2.17,12.67,3.5,0.28,0.08,0.29,3.5,0.5,7.0,2023,8.0,0.0
5,Salzburg,Milan,1,1,empate,0.83,0.5,1.33,0.67,1.17,22.33,1.5,14.0,4.5,0.32,0.05,0.15,1.5,0.7,5.0,1.17,0.75,1.92,1.0,1.75,20.17,2.08,11.25,3.5,0.31,0.09,0.29,0.92,0.81,4.33,2023,0.0,14.0
6,Sevilla,Manchester City,0,4,eng Manchester City,1.0,0.83,1.83,1.0,1.83,19.83,1.5,11.33,4.0,0.35,0.09,0.25,2.0,0.6,5.0,2.38,1.77,4.15,2.23,4.0,28.08,4.0,15.08,6.54,0.43,0.15,0.34,0.38,0.89,2.85,2023,0.0,4.0
7,Leipzig,Shakhtar,1,4,ua Shakhtar,1.62,1.5,3.12,1.62,3.12,19.5,2.62,11.0,4.25,0.39,0.15,0.38,2.12,0.62,4.88,1.33,1.17,2.5,1.33,2.5,13.33,2.33,7.5,2.5,0.33,0.18,0.53,1.67,0.74,6.33,2023,0.0,0.0
8,Paris S-G,Juventus,2,1,fr Paris S-G,1.87,1.5,3.38,1.75,3.25,22.37,3.5,12.38,5.12,0.41,0.14,0.34,1.25,0.74,4.38,1.5,1.33,2.83,1.5,2.83,23.33,2.67,13.0,4.17,0.32,0.12,0.36,2.17,0.66,5.33,2023,3.0,12.0
9,Ajax,Rangers,4,0,nl Ajax,1.83,1.5,3.33,1.67,3.17,18.33,3.33,10.67,3.67,0.34,0.16,0.45,2.67,0.62,6.17,0.33,0.17,0.5,0.17,0.33,11.67,0.67,7.17,1.67,0.23,0.02,0.1,3.67,0.61,8.5,2023,9.0,2.0
10,Eint Frankfurt,Sporting CP,0,3,pt Sporting CP,0.87,0.62,1.5,0.75,1.37,16.12,1.5,9.37,3.25,0.35,0.08,0.23,1.62,0.73,5.13,1.33,0.83,2.17,1.33,2.17,12.5,2.5,7.5,3.5,0.47,0.18,0.38,1.51,0.76,4.83,2023,1.0,0.0
11,Tottenham,Marseille,2,0,eng Tottenham,1.0,0.87,1.87,0.87,1.75,22.12,1.87,11.87,3.62,0.3,0.07,0.24,0.87,0.77,3.75,1.33,1.0,2.33,1.17,2.17,23.17,1.83,13.17,3.83,0.29,0.09,0.3,1.33,0.6,3.33,2023,2.0,3.0
12,Napoli,Liverpool,4,1,it Napoli,2.6,2.0,4.6,2.2,4.2,31.5,4.7,16.7,6.3,0.38,0.13,0.35,0.8,0.77,3.0,2.37,1.87,4.25,2.25,4.12,27.75,3.87,15.75,6.87,0.44,0.14,0.33,1.5,0.61,3.5,2023,0.0,12.0
13,Atlético Madrid,Porto,2,1,es Atlético Madrid,0.67,0.5,1.17,0.67,1.17,28.0,1.17,15.83,5.67,0.36,0.04,0.12,1.5,0.7,4.5,1.5,0.87,2.37,1.13,2.0,24.12,2.25,13.87,4.75,0.34,0.08,0.24,1.0,0.82,4.75,2023,6.0,3.0
14,Barcelona,Viktoria Plzeň,5,1,es Barcelona,2.0,1.67,3.67,2.0,3.67,27.67,3.83,15.0,5.5,0.37,0.13,0.36,2.0,0.63,5.0,0.83,0.67,1.5,0.67,1.33,18.67,1.67,11.17,3.17,0.28,0.06,0.21,4.0,0.56,9.17,2023,17.0,0.0
15,Inter,Bayern Munich,0,2,de Bayern Munich,1.46,1.31,2.77,1.38,2.69,21.62,2.69,12.77,4.77,0.37,0.11,0.29,0.85,0.81,4.38,2.1,1.9,4.0,2.0,3.9,30.2,3.9,16.7,7.2,0.43,0.12,0.28,0.6,0.83,3.6,2023,9.0,20.0
16,Club Brugge,Leverkusen,1,0,be Club Brugge,1.0,0.87,1.87,0.87,1.75,14.63,1.87,8.37,2.5,0.3,0.1,0.35,1.37,0.8,5.63,0.67,0.67,1.33,0.67,1.33,23.83,1.33,13.5,4.5,0.33,0.05,0.15,1.33,0.75,4.0,2023,1.0,1.0
17,Sporting CP,Tottenham,2,0,pt Sporting CP,1.33,0.83,2.17,1.33,2.17,12.5,2.5,7.5,3.5,0.47,0.18,0.38,1.51,0.76,4.83,1.0,0.87,1.87,0.87,1.75,22.12,1.87,11.87,3.62,0.3,0.07,0.24,0.87,0.77,3.75,2023,0.0,2.0
18,Viktoria Plzeň,Inter,0,2,it Inter,0.83,0.67,1.5,0.67,1.33,18.67,1.67,11.17,3.17,0.28,0.06,0.21,4.0,0.56,9.17,1.46,1.31,2.77,1.38,2.69,21.62,2.69,12.77,4.77,0.37,0.11,0.29,0.85,0.81,4.38,2023,0.0,9.0
19,Liverpool,Ajax,2,1,eng Liverpool,2.37,1.87,4.25,2.25,4.12,27.75,3.87,15.75,6.87,0.44,0.14,0.33,1.5,0.61,3.5,1.83,1.5,3.33,1.67,3.17,18.33,3.33,10.67,3.67,0.34,0.16,0.45,2.67,0.62,6.17,2023,12.0,9.0
20,Porto,Club Brugge,0,4,be Club Brugge,1.5,0.87,2.37,1.13,2.0,24.12,2.25,13.87,4.75,0.34,0.08,0.24,1.0,0.82,4.75,1.0,0.87,1.87,0.87,1.75,14.63,1.87,8.37,2.5,0.3,0.1,0.35,1.37,0.8,5.63,2023,3.0,1.0
21,Leverkusen,Atlético Madrid,2,0,de Leverkusen,0.67,0.67,1.33,0.67,1.33,23.83,1.33,13.5,4.5,0.33,0.05,0.15,1.33,0.75,4.0,0.67,0.5,1.17,0.67,1.17,28.0,1.17,15.83,5.67,0.36,0.04,0.12,1.5,0.7,4.5,2023,1.0,6.0
22,Marseille,Eint Frankfurt,0,1,de Eint Frankfurt,1.33,1.0,2.33,1.17,2.17,23.17,1.83,13.17,3.83,0.29,0.09,0.3,1.33,0.6,3.33,0.87,0.62,1.5,0.75,1.37,16.12,1.5,9.37,3.25,0.35,0.08,0.23,1.62,0.73,5.13,2023,3.0,1.0
23,Bayern Munich,Barcelona,2,0,de Bayern Munich,2.1,1.9,4.0,2.0,3.9,30.2,3.9,16.7,7.2,0.43,0.12,0.28,0.6,0.83,3.6,2.0,1.67,3.67,2.0,3.67,27.67,3.83,15.0,5.5,0.37,0.13,0.36,2.0,0.63,5.0,2023,20.0,17.0
24,Milan,Dinamo Zagreb,3,1,it Milan,1.17,0.75,1.92,1.0,1.75,20.17,2.08,11.25,3.5,0.31,0.09,0.29,0.92,0.81,4.33,0.67,0.33,1.0,0.67,1.0,16.67,1.33,9.17,3.33,0.36,0.07,0.2,1.83,0.77,5.83,2023,14.0,0.0
25,Shakhtar,Celtic,1,1,empate,1.33,1.17,2.5,1.33,2.5,13.33,2.33,7.5,2.5,0.33,0.18,0.53,1.67,0.74,6.33,0.5,0.17,0.67,0.5,0.67,23.5,0.83,13.67,4.83,0.35,0.04,0.1,2.5,0.58,5.17,2023,0.0,4.0
26,Rangers,Napoli,0,3,it Napoli,0.33,0.17,0.5,0.17,0.33,11.67,0.67,7.17,1.67,0.23,0.02,0.1,3.67,0.61,8.5,2.6,2.0,4.6,2.2,4.2,31.5,4.7,16.7,6.3,0.38,0.13,0.35,0.8,0.77,3.0,2023,2.0,0.0
27,Chelsea,Salzburg,1,1,empate,1.2,0.7,1.9,1.0,1.7,28.3,2.0,15.2,5.1,0.34,0.07,0.2,0.9,0.76,3.7,0.83,0.5,1.33,0.67,1.17,22.33,1.5,14.0,4.5,0.32,0.05,0.15,1.5,0.7,5.0,2023,8.0,0.0
28,Manchester City,Dortmund,2,1,eng Manchester City,2.38,1.77,4.15,2.23,4.0,28.08,4.0,15.08,6.54,0.43,0.15,0.34,0.38,0.89,2.85,1.37,1.25,2.62,1.37,2.62,21.12,2.62,12.12,3.38,0.28,0.11,0.41,0.87,0.83,4.5,2023,4.0,4.0
29,Copenhagen,Sevilla,0,0,empate,0.17,0.17,0.33,0.17,0.33,15.0,0.17,9.0,2.67,0.3,0.02,0.06,2.0,0.71,6.33,1.0,0.83,1.83,1.0,1.83,19.83,1.5,11.33,4.0,0.35,0.09,0.25,2.0,0.6,5.0,2023,0.0,0.0
30,Juventus,Benfica,1,2,pt Benfica,1.5,1.33,2.83,1.5,2.83,23.33,2.67,13.0,4.17,0.32,0.12,0.36,2.17,0.66,5.33,2.5,1.6,4.1,2.0,3.6,25.4,4.7,13.3,4.8,0.36,0.15,0.42,1.3,0.68,3.1,2023,12.0,8.0
31,Real Madrid,Leipzig,2,0,es Real Madrid,2.17,1.75,3.92,1.92,3.67,27.92,3.75,15.33,6.17,0.4,0.13,0.31,1.08,0.78,4.5,1.62,1.5,3.12,1.62,3.12,19.5,2.62,11.0,4.25,0.39,0.15,0.38,2.12,0.62,4.88,2023,32.0,0.0
32,Maccabi Haifa,Paris S-G,1,3,fr Paris S-G,1.17,1.0,2.17,1.0,2.0,23.33,2.17,12.67,3.5,0.28,0.08,0.29,3.5,0.5,7.0,1.87,1.5,3.38,1.75,3.25,22.37,3.5,12.38,5.12,0.41,0.14,0.34,1.25,0.74,4.38,2023,0.0,3.0
33,Bayern Munich,Viktoria Plzeň,5,0,de Bayern Munich,2.1,1.9,4.0,2.0,3.9,30.2,3.9,16.7,7.2,0.43,0.12,0.28,0.6,0.83,3.6,0.83,0.67,1.5,0.67,1.33,18.67,1.67,11.17,3.17,0.28,0.06,0.21,4.0,0.56,9.17,2023,20.0,0.0
34,Marseille,Sporting CP,4,1,fr Marseille,1.33,1.0,2.33,1.17,2.17,23.17,1.83,13.17,3.83,0.29,0.09,0.3,1.33,0.6,3.33,1.33,0.83,2.17,1.33,2.17,12.5,2.5,7.5,3.5,0.47,0.18,0.38,1.51,0.76,4.83,2023,3.0,0.0
35,Liverpool,Rangers,2,0,eng Liverpool,2.37,1.87,4.25,2.25,4.12,27.75,3.87,15.75,6.87,0.44,0.14,0.33,1.5,0.61,3.5,0.33,0.17,0.5,0.17,0.33,11.67,0.67,7.17,1.67,0.23,0.02,0.1,3.67,0.61,8.5,2023,12.0,2.0
36,Porto,Leverkusen,2,0,pt Porto,1.5,0.87,2.37,1.13,2.0,24.12,2.25,13.87,4.75,0.34,0.08,0.24,1.0,0.82,4.75,0.67,0.67,1.33,0.67,1.33,23.83,1.33,13.5,4.5,0.33,0.05,0.15,1.33,0.75,4.0,2023,3.0,1.0
37,Eint Frankfurt,Tottenham,0,0,empate,0.87,0.62,1.5,0.75,1.37,16.12,1.5,9.37,3.25,0.35,0.08,0.23,1.62,0.73,5.13,1.0,0.87,1.87,0.87,1.75,22.12,1.87,11.87,3.62,0.3,0.07,0.24,0.87,0.77,3.75,2023,1.0,2.0
38,Inter,Barcelona,1,0,it Inter,1.46,1.31,2.77,1.38,2.69,21.62,2.69,12.77,4.77,0.37,0.11,0.29,0.85,0.81,4.38,2.0,1.67,3.67,2.0,3.67,27.67,3.83,15.0,5.5,0.37,0.13,0.36,2.0,0.63,5.0,2023,9.0,17.0
39,Ajax,Napoli,1,6,it Napoli,1.83,1.5,3.33,1.67,3.17,18.33,3.33,10.67,3.67,0.34,0.16,0.45,2.67,0.62,6.17,2.6,2.0,4.6,2.2,4.2,31.5,4.7,16.7,6.3,0.38,0.13,0.35,0.8,0.77,3.0,2023,9.0,0.0
40,Club Brugge,Atlético Madrid,2,0,be Club Brugge,1.0,0.87,1.87,0.87,1.75,14.63,1.87,8.37,2.5,0.3,0.1,0.35,1.37,0.8,5.63,0.67,0.5,1.17,0.67,1.17,28.0,1.17,15.83,5.67,0.36,0.04,0.12,1.5,0.7,4.5,2023,1.0,6.0
41,Leipzig,Celtic,3,1,de RB Leipzig,1.62,1.5,3.12,1.62,3.12,19.5,2.62,11.0,4.25,0.39,0.15,0.38,2.12,0.62,4.88,0.5,0.17,0.67,0.5,0.67,23.5,0.83,13.67,4.83,0.35,0.04,0.1,2.5,0.58,5.17,2023,0.0,4.0
42,Salzburg,Dinamo Zagreb,1,0,at RB Salzburg,0.83,0.5,1.33,0.67,1.17,22.33,1.5,14.0,4.5,0.32,0.05,0.15,1.5,0.7,5.0,0.67,0.33,1.0,0.67,1.0,16.67,1.33,9.17,3.33,0.36,0.07,0.2,1.83,0.77,5.83,2023,0.0,0.0
43,Chelsea,Milan,3,0,eng Chelsea,1.2,0.7,1.9,1.0,1.7,28.3,2.0,15.2,5.1,0.34,0.07,0.2,0.9,0.76,3.7,1.17,0.75,1.92,1.0,1.75,20.17,2.08,11.25,3.5,0.31,0.09,0.29,0.92,0.81,4.33,2023,8.0,14.0
44,Benfica,Paris S-G,1,1,empate,2.5,1.6,4.1,2.0,3.6,25.4,4.7,13.3,4.8,0.36,0.15,0.42,1.3,0.68,3.1,1.87,1.5,3.38,1.75,3.25,22.37,3.5,12.38,5.12,0.41,0.14,0.34,1.25,0.74,4.38,2023,8.0,3.0
45,Manchester City,Copenhagen,5,0,eng Manchester City,2.38,1.77,4.15,2.23,4.0,28.08,4.0,15.08,6.54,0.43,0.15,0.34,0.38,0.89,2.85,0.17,0.17,0.33,0.17,0.33,15.0,0.17,9.0,2.67,0.3,0.02,0.06,2.0,0.71,6.33,2023,4.0,0.0
46,Real Madrid,Shakhtar,2,1,es Real Madrid,2.17,1.75,3.92,1.92,3.67,27.92,3.75,15.33,6.17,0.4,0.13,0.31,1.08,0.78,4.5,1.33,1.17,2.5,1.33,2.5,13.33,2.33,7.5,2.5,0.33,0.18,0.53,1.67,0.74,6.33,2023,32.0,0.0
47,Sevilla,Dortmund,1,4,de Dortmund,1.0,0.83,1.83,1.0,1.83,19.83,1.5,11.33,4.0,0.35,0.09,0.25,2.0,0.6,5.0,1.37,1.25,2.62,1.37,2.62,21.12,2.62,12.12,3.38,0.28,0.11,0.41,0.87,0.83,4.5,2023,0.0,4.0
48,Juventus,Maccabi Haifa,3,1,it Juventus,1.5,1.33,2.83,1.5,2.83,23.33,2.67,13.0,4.17,0.32,0.12,0.36,2.17,0.66,5.33,1.17,1.0,2.17,1.0,2.0,23.33,2.17,12.67,3.5,0.28,0.08,0.29,3.5,0.5,7.0,2023,12.0,0.0
49,Copenhagen,Manchester City,0,0,empate,0.17,0.17,0.33,0.17,0.33,15.0,0.17,9.0,2.67,0.3,0.02,0.06,2.0,0.71,6.33,2.38,1.77,4.15,2.23,4.0,28.08,4.0,15.08,6.54,0.43,0.15,0.34,0.38,0.89,2.85,2023,0.0,4.0
50,Maccabi Haifa,Juventus,2,0,il Maccabi Haifa,1.17,1.0,2.17,1.0,2.0,23.33,2.17,12.67,3.5,0.28,0.08,0.29,3.5,0.5,7.0,1.5,1.33,2.83,1.5,2.83,23.33,2.67,13.0,4.17,0.32,0.12,0.36,2.17,0.66,5.33,2023,0.0,12.0
51,Celtic,Leipzig,0,2,de RB Leipzig,0.5,0.17,0.67,0.5,0.67,23.5,0.83,13.67,4.83,0.35,0.04,0.1,2.5,0.58,5.17,1.62,1.5,3.12,1.62,3.12,19.5,2.62,11.0,4.25,0.39,0.15,0.38,2.12,0.62,4.88,2023,4.0,0.0
52,Dortmund,Sevilla,1,1,empate,1.37,1.25,2.62,1.37,2.62,21.12,2.62,12.12,3.38,0.28,0.11,0.41,0.87,0.83,4.5,1.0,0.83,1.83,1.0,1.83,19.83,1.5,11.33,4.0,0.35,0.09,0.25,2.0,0.6,5.0,2023,4.0,0.0
53,Paris S-G,Benfica,1,1,empate,1.87,1.5,3.38,1.75,3.25,22.37,3.5,12.38,5.12,0.41,0.14,0.34,1.25,0.74,4.38,2.5,1.6,4.1,2.0,3.6,25.4,4.7,13.3,4.8,0.36,0.15,0.42,1.3,0.68,3.1,2023,3.0,8.0
54,Milan,Chelsea,0,2,eng Chelsea,1.17,0.75,1.92,1.0,1.75,20.17,2.08,11.25,3.5,0.31,0.09,0.29,0.92,0.81,4.33,1.2,0.7,1.9,1.0,1.7,28.3,2.0,15.2,5.1,0.34,0.07,0.2,0.9,0.76,3.7,2023,14.0,8.0
55,Dinamo Zagreb,Salzburg,1,1,empate,0.67,0.33,1.0,0.67,1.0,16.67,1.33,9.17,3.33,0.36,0.07,0.2,1.83,0.77,5.83,0.83,0.5,1.33,0.67,1.17,22.33,1.5,14.0,4.5,0.32,0.05,0.15,1.5,0.7,5.0,2023,0.0,0.0
56,Shakhtar,Real Madrid,1,1,empate,1.33,1.17,2.5,1.33,2.5,13.33,2.33,7.5,2.5,0.33,0.18,0.53,1.67,0.74,6.33,2.17,1.75,3.92,1.92,3.67,27.92,3.75,15.33,6.17,0.4,0.13,0.31,1.08,0.78,4.5,2023,0.0,32.0
57,Napoli,Ajax,4,2,it Napoli,2.6,2.0,4.6,2.2,4.2,31.5,4.7,16.7,6.3,0.38,0.13,0.35,0.8,0.77,3.0,1.83,1.5,3.33,1.67,3.17,18.33,3.33,10.67,3.67,0.34,0.16,0.45,2.67,0.62,6.17,2023,0.0,9.0
58,Atlético Madrid,Club Brugge,0,0,empate,0.67,0.5,1.17,0.67,1.17,28.0,1.17,15.83,5.67,0.36,0.04,0.12,1.5,0.7,4.5,1.0,0.87,1.87,0.87,1.75,14.63,1.87,8.37,2.5,0.3,0.1,0.35,1.37,0.8,5.63,2023,6.0,1.0
59,Sporting CP,Marseille,0,2,fr Marseille,1.33,0.83,2.17,1.33,2.17,12.5,2.5,7.5,3.5,0.47,0.18,0.38,1.51,0.76,4.83,1.33,1.0,2.33,1.17,2.17,23.17,1.83,13.17,3.83,0.29,0.09,0.3,1.33,0.6,3.33,2023,0.0,3.0
60,Rangers,Liverpool,1,7,eng Liverpool,0.33,0.17,0.5,0.17,0.33,11.67,0.67,7.17,1.67,0.23,0.02,0.1,3.67,0.61,8.5,2.37,1.87,4.25,2.25,4.12,27.75,3.87,15.75,6.87,0.44,0.14,0.33,1.5,0.61,3.5,2023,2.0,12.0
61,Tottenham,Eint Frankfurt,3,2,eng Tottenham,1.0,0.87,1.87,0.87,1.75,22.12,1.87,11.87,3.62,0.3,0.07,0.24,0.87,0.77,3.75,0.87,0.62,1.5,0.75,1.37,16.12,1.5,9.37,3.25,0.35,0.08,0.23,1.62,0.73,5.13,2023,2.0,1.0
62,Viktoria Plzeň,Bayern Munich,2,4,de Bayern Munich,0.83,0.67,1.5,0.67,1.33,18.67,1.67,11.17,3.17,0.28,0.06,0.21,4.0,0.56,9.17,2.1,1.9,4.0,2.0,3.9,30.2,3.9,16.7,7.2,0.43,0.12,0.28,0.6,0.83,3.6,2023,0.0,20.0
63,Leverkusen,Porto,0,3,pt Porto,0.67,0.67,1.33,0.67,1.33,23.83,1.33,13.5,4.5,0.33,0.05,0.15,1.33,0.75,4.0,1.5,0.87,2.37,1.13,2.0,24.12,2.25,13.87,4.75,0.34,0.08,0.24,1.0,0.82,4.75,2023,1.0,3.0
64,Barcelona,Inter,3,3,empate,2.0,1.67,3.67,2.0,3.67,27.67,3.83,15.0,5.5,0.37,0.13,0.36,2.0,0.63,5.0,1.46,1.31,2.77,1.38,2.69,21.62,2.69,12.77,4.77,0.37,0.11,0.29,0.85,0.81,4.38,2023,17.0,9.0
65,Sevilla,Copenhagen,3,0,es Sevilla,1.0,0.83,1.83,1.0,1.83,19.83,1.5,11.33,4.0,0.35,0.09,0.25,2.0,0.6,5.0,0.17,0.17,0.33,0.17,0.33,15.0,0.17,9.0,2.67,0.3,0.02,0.06,2.0,0.71,6.33,2023,0.0,0.0
66,Salzburg,Chelsea,1,2,eng Chelsea,0.83,0.5,1.33,0.67,1.17,22.33,1.5,14.0,4.5,0.32,0.05,0.15,1.5,0.7,5.0,1.2,0.7,1.9,1.0,1.7,28.3,2.0,15.2,5.1,0.34,0.07,0.2,0.9,0.76,3.7,2023,0.0,8.0
67,Benfica,Juventus,4,3,pt Benfica,2.5,1.6,4.1,2.0,3.6,25.4,4.7,13.3,4.8,0.36,0.15,0.42,1.3,0.68,3.1,1.5,1.33,2.83,1.5,2.83,23.33,2.67,13.0,4.17,0.32,0.12,0.36,2.17,0.66,5.33,2023,8.0,12.0
68,Celtic,Shakhtar,1,1,empate,0.5,0.17,0.67,0.5,0.67,23.5,0.83,13.67,4.83,0.35,0.04,0.1,2.5,0.58,5.17,1.33,1.17,2.5,1.33,2.5,13.33,2.33,7.5,2.5,0.33,0.18,0.53,1.67,0.74,6.33,2023,4.0,0.0
69,Paris S-G,Maccabi Haifa,7,2,fr Paris S-G,1.87,1.5,3.38,1.75,3.25,22.37,3.5,12.38,5.12,0.41,0.14,0.34,1.25,0.74,4.38,1.17,1.0,2.17,1.0,2.0,23.33,2.17,12.67,3.5,0.28,0.08,0.29,3.5,0.5,7.0,2023,3.0,0.0
70,Dortmund,Manchester City,0,0,empate,1.37,1.25,2.62,1.37,2.62,21.12,2.62,12.12,3.38,0.28,0.11,0.41,0.87,0.83,4.5,2.38,1.77,4.15,2.23,4.0,28.08,4.0,15.08,6.54,0.43,0.15,0.34,0.38,0.89,2.85,2023,4.0,4.0
71,Leipzig,Real Madrid,3,2,de RB Leipzig,1.62,1.5,3.12,1.62,3.12,19.5,2.62,11.0,4.25,0.39,0.15,0.38,2.12,0.62,4.88,2.17,1.75,3.92,1.92,3.67,27.92,3.75,15.33,6.17,0.4,0.13,0.31,1.08,0.78,4.5,2023,0.0,32.0
72,Dinamo Zagreb,Milan,0,4,it Milan,0.67,0.33,1.0,0.67,1.0,16.67,1.33,9.17,3.33,0.36,0.07,0.2,1.83,0.77,5.83,1.17,0.75,1.92,1.0,1.75,20.17,2.08,11.25,3.5,0.31,0.09,0.29,0.92,0.81,4.33,2023,0.0,14.0
73,Club Brugge,Porto,0,4,pt Porto,1.0,0.87,1.87,0.87,1.75,14.63,1.87,8.37,2.5,0.3,0.1,0.35,1.37,0.8,5.63,1.5,0.87,2.37,1.13,2.0,24.12,2.25,13.87,4.75,0.34,0.08,0.24,1.0,0.82,4.75,2023,1.0,3.0
74,Inter,Viktoria Plzeň,4,0,it Inter,1.46,1.31,2.77,1.38,2.69,21.62,2.69,12.77,4.77,0.37,0.11,0.29,0.85,0.81,4.38,0.83,0.67,1.5,0.67,1.33,18.67,1.67,11.17,3.17,0.28,0.06,0.21,4.0,0.56,9.17,2023,9.0,0.0
75,Tottenham,Sporting CP,1,1,empate,1.0,0.87,1.87,0.87,1.75,22.12,1.87,11.87,3.62,0.3,0.07,0.24,0.87,0.77,3.75,1.33,0.83,2.17,1.33,2.17,12.5,2.5,7.5,3.5,0.47,0.18,0.38,1.51,0.76,4.83,2023,2.0,0.0
76,Eint Frankfurt,Marseille,2,1,de Eint Frankfurt,0.87,0.62,1.5,0.75,1.37,16.12,1.5,9.37,3.25,0.35,0.08,0.23,1.62,0.73,5.13,1.33,1.0,2.33,1.17,2.17,23.17,1.83,13.17,3.83,0.29,0.09,0.3,1.33,0.6,3.33,2023,1.0,3.0
77,Atlético Madrid,Leverkusen,2,2,empate,0.67,0.5,1.17,0.67,1.17,28.0,1.17,15.83,5.67,0.36,0.04,0.12,1.5,0.7,4.5,0.67,0.67,1.33,0.67,1.33,23.83,1.33,13.5,4.5,0.33,0.05,0.15,1.33,0.75,4.0,2023,6.0,1.0
78,Barcelona,Bayern Munich,0,3,de Bayern Munich,2.0,1.67,3.67,2.0,3.67,27.67,3.83,15.0,5.5,0.37,0.13,0.36,2.0,0.63,5.0,2.1,1.9,4.0,2.0,3.9,30.2,3.9,16.7,7.2,0.43,0.12,0.28,0.6,0.83,3.6,2023,17.0,20.0
79,Ajax,Liverpool,0,3,eng Liverpool,1.83,1.5,3.33,1.67,3.17,18.33,3.33,10.67,3.67,0.34,0.16,0.45,2.67,0.62,6.17,2.37,1.87,4.25,2.25,4.12,27.75,3.87,15.75,6.87,0.44,0.14,0.33,1.5,0.61,3.5,2023,9.0,12.0
80,Napoli,Rangers,3,0,it Napoli,2.6,2.0,4.6,2.2,4.2,31.5,4.7,16.7,6.3,0.38,0.13,0.35,0.8,0.77,3.0,0.33,0.17,0.5,0.17,0.33,11.67,0.67,7.17,1.67,0.23,0.02,0.1,3.67,0.61,8.5,2023,0.0,2.0
81,Porto,Atlético Madrid,2,1,pt Porto,1.5,0.87,2.37,1.13,2.0,24.12,2.25,13.87,4.75,0.34,0.08,0.24,1.0,0.82,4.75,0.67,0.5,1.17,0.67,1.17,28.0,1.17,15.83,5.67,0.36,0.04,0.12,1.5,0.7,4.5,2023,3.0,6.0
82,Leverkusen,Club Brugge,0,0,empate,0.67,0.67,1.33,0.67,1.33,23.83,1.33,13.5,4.5,0.33,0.05,0.15,1.33,0.75,4.0,1.0,0.87,1.87,0.87,1.75,14.63,1.87,8.37,2.5,0.3,0.1,0.35,1.37,0.8,5.63,2023,1.0,1.0
83,Liverpool,Napoli,2,0,eng Liverpool,2.37,1.87,4.25,2.25,4.12,27.75,3.87,15.75,6.87,0.44,0.14,0.33,1.5,0.61,3.5,2.6,2.0,4.6,2.2,4.2,31.5,4.7,16.7,6.3,0.38,0.13,0.35,0.8,0.77,3.0,2023,12.0,0.0
84,Rangers,Ajax,1,3,nl Ajax,0.33,0.17,0.5,0.17,0.33,11.67,0.67,7.17,1.67,0.23,0.02,0.1,3.67,0.61,8.5,1.83,1.5,3.33,1.67,3.17,18.33,3.33,10.67,3.67,0.34,0.16,0.45,2.67,0.62,6.17,2023,2.0,9.0
85,Sporting CP,Eint Frankfurt,1,2,de Eint Frankfurt,1.33,0.83,2.17,1.33,2.17,12.5,2.5,7.5,3.5,0.47,0.18,0.38,1.51,0.76,4.83,0.87,0.62,1.5,0.75,1.37,16.12,1.5,9.37,3.25,0.35,0.08,0.23,1.62,0.73,5.13,2023,0.0,1.0
86,Marseille,Tottenham,1,2,eng Tottenham,1.33,1.0,2.33,1.17,2.17,23.17,1.83,13.17,3.83,0.29,0.09,0.3,1.33,0.6,3.33,1.0,0.87,1.87,0.87,1.75,22.12,1.87,11.87,3.62,0.3,0.07,0.24,0.87,0.77,3.75,2023,3.0,2.0
87,Bayern Munich,Inter,2,0,de Bayern Munich,2.1,1.9,4.0,2.0,3.9,30.2,3.9,16.7,7.2,0.43,0.12,0.28,0.6,0.83,3.6,1.46,1.31,2.77,1.38,2.69,21.62,2.69,12.77,4.77,0.37,0.11,0.29,0.85,0.81,4.38,2023,20.0,9.0
88,Viktoria Plzeň,Barcelona,2,4,es Barcelona,0.83,0.67,1.5,0.67,1.33,18.67,1.67,11.17,3.17,0.28,0.06,0.21,4.0,0.56,9.17,2.0,1.67,3.67,2.0,3.67,27.67,3.83,15.0,5.5,0.37,0.13,0.36,2.0,0.63,5.0,2023,0.0,17.0
89,Real Madrid,Celtic,5,1,es Real Madrid,2.17,1.75,3.92,1.92,3.67,27.92,3.75,15.33,6.17,0.4,0.13,0.31,1.08,0.78,4.5,0.5,0.17,0.67,0.5,0.67,23.5,0.83,13.67,4.83,0.35,0.04,0.1,2.5,0.58,5.17,2023,32.0,4.0
90,Shakhtar,Leipzig,0,4,de RB Leipzig,1.33,1.17,2.5,1.33,2.5,13.33,2.33,7.5,2.5,0.33,0.18,0.53,1.67,0.74,6.33,1.62,1.5,3.12,1.62,3.12,19.5,2.62,11.0,4.25,0.39,0.15,0.38,2.12,0.62,4.88,2023,0.0,0.0
91,Manchester City,Sevilla,3,1,eng Manchester City,2.38,1.77,4.15,2.23,4.0,28.08,4.0,15.08,6.54,0.43,0.15,0.34,0.38,0.89,2.85,1.0,0.83,1.83,1.0,1.83,19.83,1.5,11.33,4.0,0.35,0.09,0.25,2.0,0.6,5.0,2023,4.0,0.0
92,Chelsea,Dinamo Zagreb,2,1,eng Chelsea,1.2,0.7,1.9,1.0,1.7,28.3,2.0,15.2,5.1,0.34,0.07,0.2,0.9,0.76,3.7,0.67,0.33,1.0,0.67,1.0,16.67,1.33,9.17,3.33,0.36,0.07,0.2,1.83,0.77,5.83,2023,8.0,0.0
93,Copenhagen,Dortmund,1,1,empate,0.17,0.17,0.33,0.17,0.33,15.0,0.17,9.0,2.67,0.3,0.02,0.06,2.0,0.71,6.33,1.37,1.25,2.62,1.37,2.62,21.12,2.62,12.12,3.38,0.28,0.11,0.41,0.87,0.83,4.5,2023,0.0,4.0
94,Juventus,Paris S-G,1,2,fr Paris S-G,1.5,1.33,2.83,1.5,2.83,23.33,2.67,13.0,4.17,0.32,0.12,0.36,2.17,0.66,5.33,1.87,1.5,3.38,1.75,3.25,22.37,3.5,12.38,5.12,0.41,0.14,0.34,1.25,0.74,4.38,2023,12.0,3.0
95,Milan,Salzburg,4,0,it Milan,1.17,0.75,1.92,1.0,1.75,20.17,2.08,11.25,3.5,0.31,0.09,0.29,0.92,0.81,4.33,0.83,0.5,1.33,0.67,1.17,22.33,1.5,14.0,4.5,0.32,0.05,0.15,1.5,0.7,5.0,2023,14.0,0.0
96,Maccabi Haifa,Benfica,1,6,pt Benfica,1.17,1.0,2.17,1.0,2.0,23.33,2.17,12.67,3.5,0.28,0.08,0.29,3.5,0.5,7.0,2.5,1.6,4.1,2.0,3.6,25.4,4.7,13.3,4.8,0.36,0.15,0.42,1.3,0.68,3.1,2023,0.0,8.0
97,Milan,Tottenham,1,0,it Milan,1.17,0.75,1.92,1.0,1.75,20.17,2.08,11.25,3.5,0.31,0.09,0.29,0.92,0.81,4.33,1.0,0.87,1.87,0.87,1.75,22.12,1.87,11.87,3.62,0.3,0.07,0.24,0.87,0.77,3.75,2023,14.0,2.0
98,Paris S-G,Bayern Munich,0,1,de Bayern Munich,1.87,1.5,3.38,1.75,3.25,22.37,3.5,12.38,5.12,0.41,0.14,0.34,1.25,0.74,4.38,2.1,1.9,4.0,2.0,3.9,30.2,3.9,16.7,7.2,0.43,0.12,0.28,0.6,0.83,3.6,2023,3.0,20.0
99,Club Brugge,Benfica,0,2,pt Benfica,1.0,0.87,1.87,0.87,1.75,14.63,1.87,8.37,2.5,0.3,0.1,0.35,1.37,0.8,5.63,2.5,1.6,4.1,2.0,3.6,25.4,4.7,13.3,4.8,0.36,0.15,0.42,1.3,0.68,3.1,2023,1.0,8.0
100,Dortmund,Chelsea,1,0,de Dortmund,1.37,1.25,2.62,1.37,2.62,21.12,2.62,12.12,3.38,0.28,0.11,0.41,0.87,0.83,4.5,1.2,0.7,1.9,1.0,1.7,28.3,2.0,15.2,5.1,0.34,0.07,0.2,0.9,0.76,3.7,2023,4.0,8.0
101,Liverpool,Real Madrid,2,5,es Real Madrid,2.37,1.87,4.25,2.25,4.12,27.75,3.87,15.75,6.87,0.44,0.14,0.33,1.5,0.61,3.5,2.17,1.75,3.92,1.92,3.67,27.92,3.75,15.33,6.17,0.4,0.13,0.31,1.08,0.78,4.5,2023,12.0,32.0
102,Eint Frankfurt,Napoli,0,2,it Napoli,0.87,0.62,1.5,0.75,1.37,16.12,1.5,9.37,3.25,0.35,0.08,0.23,1.62,0.73,5.13,2.6,2.0,4.6,2.2,4.2,31.5,4.7,16.7,6.3,0.38,0.13,0.35,0.8,0.77,3.0,2023,1.0,0.0
103,Inter,Porto,1,0,it Inter,1.46,1.31,2.77,1.38,2.69,21.62,2.69,12.77,4.77,0.37,0.11,0.29,0.85,0.81,4.38,1.5,0.87,2.37,1.13,2.0,24.12,2.25,13.87,4.75,0.34,0.08,0.24,1.0,0.82,4.75,2023,9.0,3.0
104,Leipzig,Manchester City,1,1,empate,1.62,1.5,3.12,1.62,3.12,19.5,2.62,11.0,4.25,0.39,0.15,0.38,2.12,0.62,4.88,2.38,1.77,4.15,2.23,4.0,28.08,4.0,15.08,6.54,0.43,0.15,0.34,0.38,0.89,2.85,2023,0.0,4.0
105,Benfica,Club Brugge,5,1,pt Benfica,2.5,1.6,4.1,2.0,3.6,25.4,4.7,13.3,4.8,0.36,0.15,0.42,1.3,0.68,3.1,1.0,0.87,1.87,0.87,1.75,14.63,1.87,8.37,2.5,0.3,0.1,0.35,1.37,0.8,5.63,2023,8.0,1.0
106,Chelsea,Dortmund,2,0,eng Chelsea,1.2,0.7,1.9,1.0,1.7,28.3,2.0,15.2,5.1,0.34,0.07,0.2,0.9,0.76,3.7,1.37,1.25,2.62,1.37,2.62,21.12,2.62,12.12,3.38,0.28,0.11,0.41,0.87,0.83,4.5,2023,8.0,4.0
107,Tottenham,Milan,0,0,it Milan,1.0,0.87,1.87,0.87,1.75,22.12,1.87,11.87,3.62,0.3,0.07,0.24,0.87,0.77,3.75,1.17,0.75,1.92,1.0,1.75,20.17,2.08,11.25,3.5,0.31,0.09,0.29,0.92,0.81,4.33,2023,2.0,14.0
108,Bayern Munich,Paris S-G,2,0,de Bayern Munich,2.1,1.9,4.0,2.0,3.9,30.2,3.9,16.7,7.2,0.43,0.12,0.28,0.6,0.83,3.6,1.87,1.5,3.38,1.75,3.25,22.37,3.5,12.38,5.12,0.41,0.14,0.34,1.25,0.74,4.38,2023,20.0,3.0
109,Porto,Inter,0,0,it Inter,1.5,0.87,2.37,1.13,2.0,24.12,2.25,13.87,4.75,0.34,0.08,0.24,1.0,0.82,4.75,1.46,1.31,2.77,1.38,2.69,21.62,2.69,12.77,4.77,0.37,0.11,0.29,0.85,0.81,4.38,2023,3.0,9.0
110,Manchester City,Leipzig,7,0,eng Manchester City,2.38,1.77,4.15,2.23,4.0,28.08,4.0,15.08,6.54,0.43,0.15,0.34,0.38,0.89,2.85,1.62,1.5,3.12,1.62,3.12,19.5,2.62,11.0,4.25,0.39,0.15,0.38,2.12,0.62,4.88,2023,4.0,0.0
111,Real Madrid,Liverpool,1,0,es Real Madrid,2.17,1.75,3.92,1.92,3.67,27.92,3.75,15.33,6.17,0.4,0.13,0.31,1.08,0.78,4.5,2.37,1.87,4.25,2.25,4.12,27.75,3.87,15.75,6.87,0.44,0.14,0.33,1.5,0.61,3.5,2023,32.0,12.0
112,Napoli,Eint Frankfurt,3,0,it Napoli,2.6,2.0,4.6,2.2,4.2,31.5,4.7,16.7,6.3,0.38,0.13,0.35,0.8,0.77,3.0,0.87,0.62,1.5,0.75,1.37,16.12,1.5,9.37,3.25,0.35,0.08,0.23,1.62,0.73,5.13,2023,0.0,1.0
113,Benfica,Inter,0,2,it Inter,2.5,1.6,4.1,2.0,3.6,25.4,4.7,13.3,4.8,0.36,0.15,0.42,1.3,0.68,3.1,1.46,1.31,2.77,1.38,2.69,21.62,2.69,12.77,4.77,0.37,0.11,0.29,0.85,0.81,4.38,2023,8.0,9.0
114,Manchester City,Bayern Munich,3,0,eng Manchester City,2.38,1.77,4.15,2.23,4.0,28.08,4.0,15.08,6.54,0.43,0.15,0.34,0.38,0.89,2.85,2.1,1.9,4.0,2.0,3.9,30.2,3.9,16.7,7.2,0.43,0.12,0.28,0.6,0.83,3.6,2023,4.0,20.0
115,Milan,Napoli,1,0,it Milan,1.17,0.75,1.92,1.0,1.75,20.17,2.08,11.25,3.5,0.31,0.09,0.29,0.92,0.81,4.33,2.6,2.0,4.6,2.2,4.2,31.5,4.7,16.7,6.3,0.38,0.13,0.35,0.8,0.77,3.0,2023,14.0,0.0
116,Real Madrid,Chelsea,2,0,es Real Madrid,2.17,1.75,3.92,1.92,3.67,27.92,3.75,15.33,6.17,0.4,0.13,0.31,1.08,0.78,4.5,1.2,0.7,1.9,1.0,1.7,28.3,2.0,15.2,5.1,0.34,0.07,0.2,0.9,0.76,3.7,2023,32.0,8.0
117,Chelsea,Real Madrid,0,2,es Real Madrid,1.2,0.7,1.9,1.0,1.7,28.3,2.0,15.2,5.1,0.34,0.07,0.2,0.9,0.76,3.7,2.17,1.75,3.92,1.92,3.67,27.92,3.75,15.33,6.17,0.4,0.13,0.31,1.08,0.78,4.5,2023,8.0,32.0
118,Napoli,Milan,1,1,it Milan,2.6,2.0,4.6,2.2,4.2,31.5,4.7,16.7,6.3,0.38,0.13,0.35,0.8,0.77,3.0,1.17,0.75,1.92,1.0,1.75,20.17,2.08,11.25,3.5,0.31,0.09,0.29,0.92,0.81,4.33,2023,0.0,14.0
119,Inter,Benfica,3,3,it Inter,1.46,1.31,2.77,1.38,2.69,21.62,2.69,12.77,4.77,0.37,0.11,0.29,0.85,0.81,4.38,2.5,1.6,4.1,2.0,3.6,25.4,4.7,13.3,4.8,0.36,0.15,0.42,1.3,0.68,3.1,2023,9.0,8.0
120,Bayern Munich,Manchester City,1,1,eng Manchester City,2.1,1.9,4.0,2.0,3.9,30.2,3.9,16.7,7.2,0.43,0.12,0.28,0.6,0.83,3.6,2.38,1.77,4.15,2.23,4.0,28.08,4.0,15.08,6.54,0.43,0.15,0.34,0.38,0.89,2.85,2023,20.0,4.0
121,Real Madrid,Manchester City,1,1,empate,2.17,1.75,3.92,1.92,3.67,27.92,3.75,15.33,6.17,0.4,0.13,0.31,1.08,0.78,4.5,2.38,1.77,4.15,2.23,4.0,28.08,4.0,15.08,6.54,0.43,0.15,0.34,0.38,0.89,2.85,2023,32.0,4.0
122,Milan,Inter,0,2,it Inter,1.17,0.75,1.92,1.0,1.75,20.17,2.08,11.25,3.5,0.31,0.09,0.29,0.92,0.81,4.33,1.46,1.31,2.77,1.38,2.69,21.62,2.69,12.77,4.77,0.37,0.11,0.29,0.85,0.81,4.38,2023,14.0,9.0
123,Inter,Milan,1,0,it Inter,1.46,1.31,2.77,1.38,2.69,21.62,2.69,12.77,4.77,0.37,0.11,0.29,0.85,0.81,4.38,1.17,0.75,1.92,1.0,1.75,20.17,2.08,11.25,3.5,0.31,0.09,0.29,0.92,0.81,4.33,2023,9.0,14.0
124,Manchester City,Real Madrid,4,0,eng Manchester City,2.38,1.77,4.15,2.23,4.0,28.08,4.0,15.08,6.54,0.43,0.15,0.34,0.38,0.89,2.85,2.17,1.75,3.92,1.92,3.67,27.92,3.75,15.33,6.17,0.4,0.13,0.31,1.08,0.78,4.5,2023,4.0,32.0
125,Manchester City,Inter,1,0,eng Manchester City,2.38,1.77,4.15,2.23,4.0,28.08,4.0,15.08,6.54,0.43,0.15,0.34,0.38,0.89,2.85,1.46,1.31,2.77,1.38,2.69,21.62,2.69,12.77,4.77,0.37,0.11,0.29,0.85,0.81,4.38,2023,4.0,9.0
126,Young Boys,Leipzig,1,3,de RB Leipzig,1.0,0.83,1.83,0.83,1.67,20.0,1.83,12.17,3.5,0.29,0.07,0.24,2.17,0.75,7.33,1.75,1.62,3.38,1.75,3.38,27.87,3.38,15.5,5.12,0.33,0.11,0.34,1.5,0.6,3.75,2024,1.0,0.0
127,Milan,Newcastle Utd,0,0,empate,0.83,0.83,1.67,0.83,1.67,29.17,1.5,15.67,4.5,0.29,0.05,0.19,1.33,0.74,4.5,1.0,0.83,1.83,1.0,1.83,17.83,1.67,10.33,4.17,0.4,0.1,0.24,1.17,0.81,5.83,2024,14.0,0.0
128,Manchester City,Red Star,3,1,eng Manchester City,3.0,2.25,5.25,2.62,4.87,39.0,5.63,21.0,8.0,0.38,0.13,0.33,1.13,0.53,2.38,1.0,0.83,1.83,1.0,1.83,23.67,1.67,13.83,4.5,0.33,0.07,0.22,2.5,0.71,7.5,2024,4.0,4.0
129,Paris S-G,Dortmund,2,0,fr Paris S-G,1.62,1.13,2.75,1.37,2.5,28.75,2.5,16.12,5.12,0.32,0.09,0.27,1.13,0.75,4.5,1.14,1.0,2.14,1.0,2.0,23.0,2.14,13.0,4.43,0.34,0.08,0.23,0.71,0.89,4.13,2024,3.0,4.0
130,Lazio,Atlético Madrid,1,1,empate,1.0,0.62,1.62,0.75,1.37,20.62,1.75,11.37,3.25,0.29,0.07,0.23,1.25,0.68,3.88,2.14,1.29,3.43,2.14,3.43,23.86,3.14,12.71,4.43,0.35,0.17,0.48,1.0,0.77,4.34,2024,0.0,6.0
131,Barcelona,Antwerp,5,0,es Barcelona,1.71,1.71,3.43,1.71,3.43,27.29,3.0,16.0,5.14,0.32,0.11,0.33,1.0,0.68,3.25,1.0,0.67,1.67,1.0,1.67,16.5,1.33,9.17,3.5,0.38,0.11,0.29,2.83,0.56,6.0,2024,17.0,0.0
132,Feyenoord,Celtic,2,0,nl Feyenoord,1.33,0.83,2.17,1.33,2.17,26.0,2.33,15.0,5.0,0.33,0.09,0.27,1.67,0.62,3.5,0.83,0.67,1.5,0.67,1.33,12.5,1.67,7.67,3.67,0.48,0.09,0.18,2.5,0.6,6.33,2024,2.0,4.0
133,Shakhtar,Porto,1,3,pt Porto,1.5,1.17,2.67,1.5,2.67,19.17,2.67,11.5,4.33,0.38,0.13,0.35,2.0,0.68,6.17,2.29,1.71,4.0,2.14,3.86,23.71,3.57,13.29,6.0,0.45,0.16,0.36,1.14,0.67,3.37,2024,0.0,3.0
134,Real Madrid,Union Berlin,1,0,es Real Madrid,2.12,1.87,4.0,2.12,4.0,34.75,4.12,18.62,6.0,0.32,0.11,0.35,1.0,0.8,4.34,1.0,0.67,1.67,1.0,1.67,16.83,1.67,9.5,3.33,0.35,0.11,0.3,1.67,0.66,4.83,2024,32.0,0.0
135,Galatasaray,Copenhagen,2,2,empate,1.67,1.0,2.67,1.5,2.5,27.17,3.0,15.0,4.17,0.28,0.1,0.36,2.17,0.48,4.17,1.25,0.75,2.0,1.13,1.87,18.25,2.12,10.25,3.25,0.32,0.11,0.35,1.75,0.7,5.5,2024,1.0,0.0
136,Benfica,Salzburg,0,2,at RB Salzburg,1.17,0.67,1.83,1.17,1.83,20.67,2.17,11.83,4.5,0.38,0.1,0.26,1.83,0.73,5.67,0.67,0.5,1.17,0.5,1.0,20.83,1.17,11.83,3.67,0.31,0.04,0.14,1.33,0.82,5.5,2024,8.0,0.0
137,Braga,Napoli,1,2,it Napoli,1.0,1.0,2.0,1.0,2.0,26.67,1.83,14.83,3.33,0.23,0.07,0.3,2.0,0.62,5.33,1.29,0.57,1.86,1.14,1.71,24.86,2.29,13.43,4.0,0.3,0.09,0.29,1.43,0.71,5.63,2024,0.0,0.0
138,Arsenal,Eindhoven,4,0,eng Arsenal,2.29,1.86,4.14,2.14,4.0,22.0,3.86,12.29,4.43,0.36,0.17,0.48,0.71,0.75,2.77,1.14,0.71,1.86,0.86,1.57,28.43,2.14,15.29,5.0,0.33,0.06,0.17,1.57,0.59,4.25,2024,2.0,0.0
139,Real Sociedad,Inter,1,1,empate,1.0,0.62,1.62,1.0,1.62,23.37,1.5,13.25,4.25,0.32,0.08,0.24,0.75,0.76,3.13,1.29,0.71,2.0,0.86,1.57,25.86,2.0,14.43,4.14,0.29,0.06,0.21,0.71,0.8,4.1,2024,1.0,9.0
140,Bayern Munich,Manchester Utd,4,3,de Bayern Munich,1.87,1.5,3.38,1.75,3.25,27.87,3.12,15.37,4.37,0.28,0.11,0.4,0.87,0.77,2.75,2.0,1.5,3.5,1.83,3.33,20.33,3.33,11.67,4.33,0.37,0.16,0.42,2.5,0.63,5.83,2024,20.0,12.0
141,Sevilla,Lens,1,1,empate,1.17,1.0,2.17,1.0,2.0,15.33,2.33,8.67,2.83,0.33,0.12,0.35,2.0,0.63,4.5,1.0,0.67,1.67,0.83,1.5,18.17,2.0,9.83,2.5,0.25,0.08,0.33,1.83,0.72,5.33,2024,0.0,0.0
142,Union Berlin,Braga,2,3,pt Braga,1.0,0.67,1.67,1.0,1.67,16.83,1.67,9.5,3.33,0.35,0.11,0.3,1.67,0.66,4.83,1.0,1.0,2.0,1.0,2.0,26.67,1.83,14.83,3.33,0.23,0.07,0.3,2.0,0.62,5.33,2024,0.0,0.0
143,Salzburg,Real Sociedad,0,2,es Real Sociedad,0.67,0.5,1.17,0.5,1.0,20.83,1.17,11.83,3.67,0.31,0.04,0.14,1.33,0.82,5.5,1.0,0.62,1.62,1.0,1.62,23.37,1.5,13.25,4.25,0.32,0.08,0.24,0.75,0.76,3.13,2024,0.0,1.0
144,Manchester Utd,Galatasaray,2,3,tr Galatasaray,2.0,1.5,3.5,1.83,3.33,20.33,3.33,11.67,4.33,0.37,0.16,0.42,2.5,0.63,5.83,1.67,1.0,2.67,1.5,2.5,27.17,3.0,15.0,4.17,0.28,0.1,0.36,2.17,0.48,4.17,2024,12.0,1.0
145,Eindhoven,Sevilla,2,2,empate,1.14,0.71,1.86,0.86,1.57,28.43,2.14,15.29,5.0,0.33,0.06,0.17,1.57,0.59,4.25,1.17,1.0,2.17,1.0,2.0,15.33,2.33,8.67,2.83,0.33,0.12,0.35,2.0,0.63,4.5,2024,0.0,0.0
146,Napoli,Real Madrid,2,3,es Real Madrid,1.29,0.57,1.86,1.14,1.71,24.86,2.29,13.43,4.0,0.3,0.09,0.29,1.43,0.71,5.63,2.12,1.87,4.0,2.12,4.0,34.75,4.12,18.62,6.0,0.32,0.11,0.35,1.0,0.8,4.34,2024,0.0,32.0
147,Lens,Arsenal,2,1,fr Lens,1.0,0.67,1.67,0.83,1.5,18.17,2.0,9.83,2.5,0.25,0.08,0.33,1.83,0.72,5.33,2.29,1.86,4.14,2.14,4.0,22.0,3.86,12.29,4.43,0.36,0.17,0.48,0.71,0.75,2.77,2024,0.0,2.0
148,Copenhagen,Bayern Munich,1,2,de Bayern Munich,1.25,0.75,2.0,1.13,1.87,18.25,2.12,10.25,3.25,0.32,0.11,0.35,1.75,0.7,5.5,1.87,1.5,3.38,1.75,3.25,27.87,3.12,15.37,4.37,0.28,0.11,0.4,0.87,0.77,2.75,2024,0.0,20.0
149,Inter,Benfica,1,0,it Inter,1.29,0.71,2.0,0.86,1.57,25.86,2.0,14.43,4.14,0.29,0.06,0.21,0.71,0.8,4.1,1.17,0.67,1.83,1.17,1.83,20.67,2.17,11.83,4.5,0.38,0.1,0.26,1.83,0.73,5.67,2024,9.0,8.0
150,Antwerp,Shakhtar,2,3,ua Shakhtar,1.0,0.67,1.67,1.0,1.67,16.5,1.33,9.17,3.5,0.38,0.11,0.29,2.83,0.56,6.0,1.5,1.17,2.67,1.5,2.67,19.17,2.67,11.5,4.33,0.38,0.13,0.35,2.0,0.68,6.17,2024,0.0,0.0
151,Atlético Madrid,Feyenoord,3,2,es Atlético Madrid,2.14,1.29,3.43,2.14,3.43,23.86,3.14,12.71,4.43,0.35,0.17,0.48,1.0,0.77,4.34,1.33,0.83,2.17,1.33,2.17,26.0,2.33,15.0,5.0,0.33,0.09,0.27,1.67,0.62,3.5,2024,6.0,2.0
152,Celtic,Lazio,1,2,it Lazio,0.83,0.67,1.5,0.67,1.33,12.5,1.67,7.67,3.67,0.48,0.09,0.18,2.5,0.6,6.33,1.0,0.62,1.62,0.75,1.37,20.62,1.75,11.37,3.25,0.29,0.07,0.23,1.25,0.68,3.88,2024,4.0,0.0
153,Porto,Barcelona,0,1,es Barcelona,2.29,1.71,4.0,2.14,3.86,23.71,3.57,13.29,6.0,0.45,0.16,0.36,1.14,0.67,3.37,1.71,1.71,3.43,1.71,3.43,27.29,3.0,16.0,5.14,0.32,0.11,0.33,1.0,0.68,3.25,2024,3.0,17.0
154,Newcastle Utd,Paris S-G,4,1,eng Newcastle Utd,1.0,0.83,1.83,1.0,1.83,17.83,1.67,10.33,4.17,0.4,0.1,0.24,1.17,0.81,5.83,1.62,1.13,2.75,1.37,2.5,28.75,2.5,16.12,5.12,0.32,0.09,0.27,1.13,0.75,4.5,2024,0.0,3.0
155,Red Star,Young Boys,2,2,empate,1.0,0.83,1.83,1.0,1.83,23.67,1.67,13.83,4.5,0.33,0.07,0.22,2.5,0.71,7.5,1.0,0.83,1.83,0.83,1.67,20.0,1.83,12.17,3.5,0.29,0.07,0.24,2.17,0.75,7.33,2024,4.0,1.0
156,Dortmund,Milan,0,0,empate,1.14,1.0,2.14,1.0,2.0,23.0,2.14,13.0,4.43,0.34,0.08,0.23,0.71,0.89,4.13,0.83,0.83,1.67,0.83,1.67,29.17,1.5,15.67,4.5,0.29,0.05,0.19,1.33,0.74,4.5,2024,4.0,14.0
157,Leipzig,Manchester City,1,3,eng Manchester City,1.75,1.62,3.38,1.75,3.38,27.87,3.38,15.5,5.12,0.33,0.11,0.34,1.5,0.6,3.75,3.0,2.25,5.25,2.62,4.87,39.0,5.63,21.0,8.0,0.38,0.13,0.33,1.13,0.53,2.38,2024,0.0,4.0
158,Inter,Salzburg,2,1,it Inter,1.29,0.71,2.0,0.86,1.57,25.86,2.0,14.43,4.14,0.29,0.06,0.21,0.71,0.8,4.1,0.67,0.5,1.17,0.5,1.0,20.83,1.17,11.83,3.67,0.31,0.04,0.14,1.33,0.82,5.5,2024,9.0,0.0
159,Galatasaray,Bayern Munich,1,3,de Bayern Munich,1.67,1.0,2.67,1.5,2.5,27.17,3.0,15.0,4.17,0.28,0.1,0.36,2.17,0.48,4.17,1.87,1.5,3.38,1.75,3.25,27.87,3.12,15.37,4.37,0.28,0.11,0.4,0.87,0.77,2.75,2024,1.0,20.0
160,Manchester Utd,Copenhagen,1,0,eng Manchester Utd,2.0,1.5,3.5,1.83,3.33,20.33,3.33,11.67,4.33,0.37,0.16,0.42,2.5,0.63,5.83,1.25,0.75,2.0,1.13,1.87,18.25,2.12,10.25,3.25,0.32,0.11,0.35,1.75,0.7,5.5,2024,12.0,0.0
161,Braga,Real Madrid,1,2,es Real Madrid,1.0,1.0,2.0,1.0,2.0,26.67,1.83,14.83,3.33,0.23,0.07,0.3,2.0,0.62,5.33,2.12,1.87,4.0,2.12,4.0,34.75,4.12,18.62,6.0,0.32,0.11,0.35,1.0,0.8,4.34,2024,0.0,32.0
162,Benfica,Real Sociedad,0,1,es Real Sociedad,1.17,0.67,1.83,1.17,1.83,20.67,2.17,11.83,4.5,0.38,0.1,0.26,1.83,0.73,5.67,1.0,0.62,1.62,1.0,1.62,23.37,1.5,13.25,4.25,0.32,0.08,0.24,0.75,0.76,3.13,2024,8.0,1.0
163,Lens,Eindhoven,1,1,empate,1.0,0.67,1.67,0.83,1.5,18.17,2.0,9.83,2.5,0.25,0.08,0.33,1.83,0.72,5.33,1.14,0.71,1.86,0.86,1.57,28.43,2.14,15.29,5.0,0.33,0.06,0.17,1.57,0.59,4.25,2024,0.0,0.0
164,Union Berlin,Napoli,0,1,it Napoli,1.0,0.67,1.67,1.0,1.67,16.83,1.67,9.5,3.33,0.35,0.11,0.3,1.67,0.66,4.83,1.29,0.57,1.86,1.14,1.71,24.86,2.29,13.43,4.0,0.3,0.09,0.29,1.43,0.71,5.63,2024,0.0,0.0
165,Sevilla,Arsenal,1,2,eng Arsenal,1.17,1.0,2.17,1.0,2.0,15.33,2.33,8.67,2.83,0.33,0.12,0.35,2.0,0.63,4.5,2.29,1.86,4.14,2.14,4.0,22.0,3.86,12.29,4.43,0.36,0.17,0.48,0.71,0.75,2.77,2024,0.0,2.0
166,Feyenoord,Lazio,3,1,nl Feyenoord,1.33,0.83,2.17,1.33,2.17,26.0,2.33,15.0,5.0,0.33,0.09,0.27,1.67,0.62,3.5,1.0,0.62,1.62,0.75,1.37,20.62,1.75,11.37,3.25,0.29,0.07,0.23,1.25,0.68,3.88,2024,2.0,0.0
167,Barcelona,Shakhtar,2,1,es Barcelona,1.71,1.71,3.43,1.71,3.43,27.29,3.0,16.0,5.14,0.32,0.11,0.33,1.0,0.68,3.25,1.5,1.17,2.67,1.5,2.67,19.17,2.67,11.5,4.33,0.38,0.13,0.35,2.0,0.68,6.17,2024,17.0,0.0
168,Newcastle Utd,Dortmund,0,1,de Dortmund,1.0,0.83,1.83,1.0,1.83,17.83,1.67,10.33,4.17,0.4,0.1,0.24,1.17,0.81,5.83,1.14,1.0,2.14,1.0,2.0,23.0,2.14,13.0,4.43,0.34,0.08,0.23,0.71,0.89,4.13,2024,0.0,4.0
169,Celtic,Atlético Madrid,2,2,empate,0.83,0.67,1.5,0.67,1.33,12.5,1.67,7.67,3.67,0.48,0.09,0.18,2.5,0.6,6.33,2.14,1.29,3.43,2.14,3.43,23.86,3.14,12.71,4.43,0.35,0.17,0.48,1.0,0.77,4.34,2024,4.0,6.0
170,Antwerp,Porto,1,4,pt Porto,1.0,0.67,1.67,1.0,1.67,16.5,1.33,9.17,3.5,0.38,0.11,0.29,2.83,0.56,6.0,2.29,1.71,4.0,2.14,3.86,23.71,3.57,13.29,6.0,0.45,0.16,0.36,1.14,0.67,3.37,2024,0.0,3.0
171,Young Boys,Manchester City,1,3,eng Manchester City,1.0,0.83,1.83,0.83,1.67,20.0,1.83,12.17,3.5,0.29,0.07,0.24,2.17,0.75,7.33,3.0,2.25,5.25,2.62,4.87,39.0,5.63,21.0,8.0,0.38,0.13,0.33,1.13,0.53,2.38,2024,1.0,4.0
172,Paris S-G,Milan,3,0,fr Paris S-G,1.62,1.13,2.75,1.37,2.5,28.75,2.5,16.12,5.12,0.32,0.09,0.27,1.13,0.75,4.5,0.83,0.83,1.67,0.83,1.67,29.17,1.5,15.67,4.5,0.29,0.05,0.19,1.33,0.74,4.5,2024,3.0,14.0
173,Leipzig,Red Star,3,1,de RB Leipzig,1.75,1.62,3.38,1.75,3.38,27.87,3.38,15.5,5.12,0.33,0.11,0.34,1.5,0.6,3.75,1.0,0.83,1.83,1.0,1.83,23.67,1.67,13.83,4.5,0.33,0.07,0.22,2.5,0.71,7.5,2024,0.0,4.0
174,Dortmund,Newcastle Utd,2,0,de Dortmund,1.14,1.0,2.14,1.0,2.0,23.0,2.14,13.0,4.43,0.34,0.08,0.23,0.71,0.89,4.13,1.0,0.83,1.83,1.0,1.83,17.83,1.67,10.33,4.17,0.4,0.1,0.24,1.17,0.81,5.83,2024,4.0,0.0
175,Shakhtar,Barcelona,1,0,ua Shakhtar,1.5,1.17,2.67,1.5,2.67,19.17,2.67,11.5,4.33,0.38,0.13,0.35,2.0,0.68,6.17,1.71,1.71,3.43,1.71,3.43,27.29,3.0,16.0,5.14,0.32,0.11,0.33,1.0,0.68,3.25,2024,0.0,17.0
176,Porto,Antwerp,2,0,pt Porto,2.29,1.71,4.0,2.14,3.86,23.71,3.57,13.29,6.0,0.45,0.16,0.36,1.14,0.67,3.37,1.0,0.67,1.67,1.0,1.67,16.5,1.33,9.17,3.5,0.38,0.11,0.29,2.83,0.56,6.0,2024,3.0,0.0
177,Manchester City,Young Boys,3,0,eng Manchester City,3.0,2.25,5.25,2.62,4.87,39.0,5.63,21.0,8.0,0.38,0.13,0.33,1.13,0.53,2.38,1.0,0.83,1.83,0.83,1.67,20.0,1.83,12.17,3.5,0.29,0.07,0.24,2.17,0.75,7.33,2024,4.0,1.0
178,Atlético Madrid,Celtic,6,0,es Atlético Madrid,2.14,1.29,3.43,2.14,3.43,23.86,3.14,12.71,4.43,0.35,0.17,0.48,1.0,0.77,4.34,0.83,0.67,1.5,0.67,1.33,12.5,1.67,7.67,3.67,0.48,0.09,0.18,2.5,0.6,6.33,2024,6.0,4.0
179,Red Star,Leipzig,1,2,de RB Leipzig,1.0,0.83,1.83,1.0,1.83,23.67,1.67,13.83,4.5,0.33,0.07,0.22,2.5,0.71,7.5,1.75,1.62,3.38,1.75,3.38,27.87,3.38,15.5,5.12,0.33,0.11,0.34,1.5,0.6,3.75,2024,4.0,0.0
180,Lazio,Feyenoord,1,0,it Lazio,1.0,0.62,1.62,0.75,1.37,20.62,1.75,11.37,3.25,0.29,0.07,0.23,1.25,0.68,3.88,1.33,0.83,2.17,1.33,2.17,26.0,2.33,15.0,5.0,0.33,0.09,0.27,1.67,0.62,3.5,2024,0.0,2.0
181,Milan,Paris S-G,2,1,it Milan,0.83,0.83,1.67,0.83,1.67,29.17,1.5,15.67,4.5,0.29,0.05,0.19,1.33,0.74,4.5,1.62,1.13,2.75,1.37,2.5,28.75,2.5,16.12,5.12,0.32,0.09,0.27,1.13,0.75,4.5,2024,14.0,3.0
182,Napoli,Union Berlin,1,1,empate,1.29,0.57,1.86,1.14,1.71,24.86,2.29,13.43,4.0,0.3,0.09,0.29,1.43,0.71,5.63,1.0,0.67,1.67,1.0,1.67,16.83,1.67,9.5,3.33,0.35,0.11,0.3,1.67,0.66,4.83,2024,0.0,0.0
183,Real Sociedad,Benfica,3,1,es Real Sociedad,1.0,0.62,1.62,1.0,1.62,23.37,1.5,13.25,4.25,0.32,0.08,0.24,0.75,0.76,3.13,1.17,0.67,1.83,1.17,1.83,20.67,2.17,11.83,4.5,0.38,0.1,0.26,1.83,0.73,5.67,2024,1.0,8.0
184,Arsenal,Sevilla,2,0,eng Arsenal,2.29,1.86,4.14,2.14,4.0,22.0,3.86,12.29,4.43,0.36,0.17,0.48,0.71,0.75,2.77,1.17,1.0,2.17,1.0,2.0,15.33,2.33,8.67,2.83,0.33,0.12,0.35,2.0,0.63,4.5,2024,2.0,0.0
185,Real Madrid,Braga,3,0,es Real Madrid,2.12,1.87,4.0,2.12,4.0,34.75,4.12,18.62,6.0,0.32,0.11,0.35,1.0,0.8,4.34,1.0,1.0,2.0,1.0,2.0,26.67,1.83,14.83,3.33,0.23,0.07,0.3,2.0,0.62,5.33,2024,32.0,0.0
186,Salzburg,Inter,0,1,it Inter,0.67,0.5,1.17,0.5,1.0,20.83,1.17,11.83,3.67,0.31,0.04,0.14,1.33,0.82,5.5,1.29,0.71,2.0,0.86,1.57,25.86,2.0,14.43,4.14,0.29,0.06,0.21,0.71,0.8,4.1,2024,0.0,9.0
187,Eindhoven,Lens,1,0,nl PSV Eindhoven,1.14,0.71,1.86,0.86,1.57,28.43,2.14,15.29,5.0,0.33,0.06,0.17,1.57,0.59,4.25,1.0,0.67,1.67,0.83,1.5,18.17,2.0,9.83,2.5,0.25,0.08,0.33,1.83,0.72,5.33,2024,0.0,0.0
188,Bayern Munich,Galatasaray,2,1,de Bayern Munich,1.87,1.5,3.38,1.75,3.25,27.87,3.12,15.37,4.37,0.28,0.11,0.4,0.87,0.77,2.75,1.67,1.0,2.67,1.5,2.5,27.17,3.0,15.0,4.17,0.28,0.1,0.36,2.17,0.48,4.17,2024,20.0,1.0
189,Copenhagen,Manchester Utd,4,3,dk FC Copenhagen,1.25,0.75,2.0,1.13,1.87,18.25,2.12,10.25,3.25,0.32,0.11,0.35,1.75,0.7,5.5,2.0,1.5,3.5,1.83,3.33,20.33,3.33,11.67,4.33,0.37,0.16,0.42,2.5,0.63,5.83,2024,0.0,12.0
190,Lazio,Celtic,2,0,it Lazio,1.0,0.62,1.62,0.75,1.37,20.62,1.75,11.37,3.25,0.29,0.07,0.23,1.25,0.68,3.88,0.83,0.67,1.5,0.67,1.33,12.5,1.67,7.67,3.67,0.48,0.09,0.18,2.5,0.6,6.33,2024,0.0,4.0
191,Shakhtar,Antwerp,1,0,ua Shakhtar,1.5,1.17,2.67,1.5,2.67,19.17,2.67,11.5,4.33,0.38,0.13,0.35,2.0,0.68,6.17,1.0,0.67,1.67,1.0,1.67,16.5,1.33,9.17,3.5,0.38,0.11,0.29,2.83,0.56,6.0,2024,0.0,0.0
192,Manchester City,Leipzig,3,2,eng Manchester City,3.0,2.25,5.25,2.62,4.87,39.0,5.63,21.0,8.0,0.38,0.13,0.33,1.13,0.53,2.38,1.75,1.62,3.38,1.75,3.38,27.87,3.38,15.5,5.12,0.33,0.11,0.34,1.5,0.6,3.75,2024,4.0,0.0
193,Milan,Dortmund,1,3,de Dortmund,0.83,0.83,1.67,0.83,1.67,29.17,1.5,15.67,4.5,0.29,0.05,0.19,1.33,0.74,4.5,1.14,1.0,2.14,1.0,2.0,23.0,2.14,13.0,4.43,0.34,0.08,0.23,0.71,0.89,4.13,2024,14.0,4.0
194,Paris S-G,Newcastle Utd,1,1,empate,1.62,1.13,2.75,1.37,2.5,28.75,2.5,16.12,5.12,0.32,0.09,0.27,1.13,0.75,4.5,1.0,0.83,1.83,1.0,1.83,17.83,1.67,10.33,4.17,0.4,0.1,0.24,1.17,0.81,5.83,2024,3.0,0.0
195,Young Boys,Red Star,2,0,ch Young Boys,1.0,0.83,1.83,0.83,1.67,20.0,1.83,12.17,3.5,0.29,0.07,0.24,2.17,0.75,7.33,1.0,0.83,1.83,1.0,1.83,23.67,1.67,13.83,4.5,0.33,0.07,0.22,2.5,0.71,7.5,2024,1.0,4.0
196,Barcelona,Porto,2,1,es Barcelona,1.71,1.71,3.43,1.71,3.43,27.29,3.0,16.0,5.14,0.32,0.11,0.33,1.0,0.68,3.25,2.29,1.71,4.0,2.14,3.86,23.71,3.57,13.29,6.0,0.45,0.16,0.36,1.14,0.67,3.37,2024,17.0,3.0
197,Feyenoord,Atlético Madrid,1,3,es Atlético Madrid,1.33,0.83,2.17,1.33,2.17,26.0,2.33,15.0,5.0,0.33,0.09,0.27,1.67,0.62,3.5,2.14,1.29,3.43,2.14,3.43,23.86,3.14,12.71,4.43,0.35,0.17,0.48,1.0,0.77,4.34,2024,2.0,6.0
198,Sevilla,Eindhoven,2,3,nl PSV Eindhoven,1.17,1.0,2.17,1.0,2.0,15.33,2.33,8.67,2.83,0.33,0.12,0.35,2.0,0.63,4.5,1.14,0.71,1.86,0.86,1.57,28.43,2.14,15.29,5.0,0.33,0.06,0.17,1.57,0.59,4.25,2024,0.0,0.0
199,Benfica,Inter,3,3,empate,1.17,0.67,1.83,1.17,1.83,20.67,2.17,11.83,4.5,0.38,0.1,0.26,1.83,0.73,5.67,1.29,0.71,2.0,0.86,1.57,25.86,2.0,14.43,4.14,0.29,0.06,0.21,0.71,0.8,4.1,2024,8.0,9.0
200,Arsenal,Lens,6,0,eng Arsenal,2.29,1.86,4.14,2.14,4.0,22.0,3.86,12.29,4.43,0.36,0.17,0.48,0.71,0.75,2.77,1.0,0.67,1.67,0.83,1.5,18.17,2.0,9.83,2.5,0.25,0.08,0.33,1.83,0.72,5.33,2024,2.0,0.0
201,Braga,Union Berlin,1,1,empate,1.0,1.0,2.0,1.0,2.0,26.67,1.83,14.83,3.33,0.23,0.07,0.3,2.0,0.62,5.33,1.0,0.67,1.67,1.0,1.67,16.83,1.67,9.5,3.33,0.35,0.11,0.3,1.67,0.66,4.83,2024,0.0,0.0
202,Galatasaray,Manchester Utd,3,3,empate,1.67,1.0,2.67,1.5,2.5,27.17,3.0,15.0,4.17,0.28,0.1,0.36,2.17,0.48,4.17,2.0,1.5,3.5,1.83,3.33,20.33,3.33,11.67,4.33,0.37,0.16,0.42,2.5,0.63,5.83,2024,1.0,12.0
203,Real Madrid,Napoli,4,2,es Real Madrid,2.12,1.87,4.0,2.12,4.0,34.75,4.12,18.62,6.0,0.32,0.11,0.35,1.0,0.8,4.34,1.29,0.57,1.86,1.14,1.71,24.86,2.29,13.43,4.0,0.3,0.09,0.29,1.43,0.71,5.63,2024,32.0,0.0
204,Bayern Munich,Copenhagen,0,0,empate,1.87,1.5,3.38,1.75,3.25,27.87,3.12,15.37,4.37,0.28,0.11,0.4,0.87,0.77,2.75,1.25,0.75,2.0,1.13,1.87,18.25,2.12,10.25,3.25,0.32,0.11,0.35,1.75,0.7,5.5,2024,20.0,0.0
205,Real Sociedad,Salzburg,0,0,empate,1.0,0.62,1.62,1.0,1.62,23.37,1.5,13.25,4.25,0.32,0.08,0.24,0.75,0.76,3.13,0.67,0.5,1.17,0.5,1.0,20.83,1.17,11.83,3.67,0.31,0.04,0.14,1.33,0.82,5.5,2024,1.0,0.0
206,Lens,Sevilla,2,1,fr Lens,1.0,0.67,1.67,0.83,1.5,18.17,2.0,9.83,2.5,0.25,0.08,0.33,1.83,0.72,5.33,1.17,1.0,2.17,1.0,2.0,15.33,2.33,8.67,2.83,0.33,0.12,0.35,2.0,0.63,4.5,2024,0.0,0.0
207,Eindhoven,Arsenal,1,1,empate,1.14,0.71,1.86,0.86,1.57,28.43,2.14,15.29,5.0,0.33,0.06,0.17,1.57,0.59,4.25,2.29,1.86,4.14,2.14,4.0,22.0,3.86,12.29,4.43,0.36,0.17,0.48,0.71,0.75,2.77,2024,0.0,2.0
208,Manchester Utd,Bayern Munich,0,1,de Bayern Munich,2.0,1.5,3.5,1.83,3.33,20.33,3.33,11.67,4.33,0.37,0.16,0.42,2.5,0.63,5.83,1.87,1.5,3.38,1.75,3.25,27.87,3.12,15.37,4.37,0.28,0.11,0.4,0.87,0.77,2.75,2024,12.0,20.0
209,Inter,Real Sociedad,0,0,empate,1.29,0.71,2.0,0.86,1.57,25.86,2.0,14.43,4.14,0.29,0.06,0.21,0.71,0.8,4.1,1.0,0.62,1.62,1.0,1.62,23.37,1.5,13.25,4.25,0.32,0.08,0.24,0.75,0.76,3.13,2024,9.0,1.0
210,Salzburg,Benfica,1,3,pt Benfica,0.67,0.5,1.17,0.5,1.0,20.83,1.17,11.83,3.67,0.31,0.04,0.14,1.33,0.82,5.5,1.17,0.67,1.83,1.17,1.83,20.67,2.17,11.83,4.5,0.38,0.1,0.26,1.83,0.73,5.67,2024,0.0,8.0
211,Napoli,Braga,2,0,it Napoli,1.29,0.57,1.86,1.14,1.71,24.86,2.29,13.43,4.0,0.3,0.09,0.29,1.43,0.71,5.63,1.0,1.0,2.0,1.0,2.0,26.67,1.83,14.83,3.33,0.23,0.07,0.3,2.0,0.62,5.33,2024,0.0,0.0
212,Copenhagen,Galatasaray,1,0,dk FC Copenhagen,1.25,0.75,2.0,1.13,1.87,18.25,2.12,10.25,3.25,0.32,0.11,0.35,1.75,0.7,5.5,1.67,1.0,2.67,1.5,2.5,27.17,3.0,15.0,4.17,0.28,0.1,0.36,2.17,0.48,4.17,2024,0.0,1.0
213,Union Berlin,Real Madrid,2,3,es Real Madrid,1.0,0.67,1.67,1.0,1.67,16.83,1.67,9.5,3.33,0.35,0.11,0.3,1.67,0.66,4.83,2.12,1.87,4.0,2.12,4.0,34.75,4.12,18.62,6.0,0.32,0.11,0.35,1.0,0.8,4.34,2024,0.0,32.0
214,Leipzig,Young Boys,2,1,de RB Leipzig,1.75,1.62,3.38,1.75,3.38,27.87,3.38,15.5,5.12,0.33,0.11,0.34,1.5,0.6,3.75,1.0,0.83,1.83,0.83,1.67,20.0,1.83,12.17,3.5,0.29,0.07,0.24,2.17,0.75,7.33,2024,0.0,1.0
215,Red Star,Manchester City,2,3,eng Manchester City,1.0,0.83,1.83,1.0,1.83,23.67,1.67,13.83,4.5,0.33,0.07,0.22,2.5,0.71,7.5,3.0,2.25,5.25,2.62,4.87,39.0,5.63,21.0,8.0,0.38,0.13,0.33,1.13,0.53,2.38,2024,4.0,4.0
216,Newcastle Utd,Milan,1,2,it Milan,1.0,0.83,1.83,1.0,1.83,17.83,1.67,10.33,4.17,0.4,0.1,0.24,1.17,0.81,5.83,0.83,0.83,1.67,0.83,1.67,29.17,1.5,15.67,4.5,0.29,0.05,0.19,1.33,0.74,4.5,2024,0.0,14.0
217,Porto,Shakhtar,5,3,pt Porto,2.29,1.71,4.0,2.14,3.86,23.71,3.57,13.29,6.0,0.45,0.16,0.36,1.14,0.67,3.37,1.5,1.17,2.67,1.5,2.67,19.17,2.67,11.5,4.33,0.38,0.13,0.35,2.0,0.68,6.17,2024,3.0,0.0
218,Celtic,Feyenoord,2,1,sct Celtic,0.83,0.67,1.5,0.67,1.33,12.5,1.67,7.67,3.67,0.48,0.09,0.18,2.5,0.6,6.33,1.33,0.83,2.17,1.33,2.17,26.0,2.33,15.0,5.0,0.33,0.09,0.27,1.67,0.62,3.5,2024,4.0,2.0
219,Dortmund,Paris S-G,1,1,empate,1.14,1.0,2.14,1.0,2.0,23.0,2.14,13.0,4.43,0.34,0.08,0.23,0.71,0.89,4.13,1.62,1.13,2.75,1.37,2.5,28.75,2.5,16.12,5.12,0.32,0.09,0.27,1.13,0.75,4.5,2024,4.0,3.0
220,Antwerp,Barcelona,3,2,be Antwerp,1.0,0.67,1.67,1.0,1.67,16.5,1.33,9.17,3.5,0.38,0.11,0.29,2.83,0.56,6.0,1.71,1.71,3.43,1.71,3.43,27.29,3.0,16.0,5.14,0.32,0.11,0.33,1.0,0.68,3.25,2024,0.0,17.0
221,Atlético Madrid,Lazio,2,0,es Atlético Madrid,2.14,1.29,3.43,2.14,3.43,23.86,3.14,12.71,4.43,0.35,0.17,0.48,1.0,0.77,4.34,1.0,0.62,1.62,0.75,1.37,20.62,1.75,11.37,3.25,0.29,0.07,0.23,1.25,0.68,3.88,2024,6.0,0.0
