Match_ID,Nombre_Eq1,Nombre_Eq2,Gol_Match_Eq1,Gol_Match_Eq2,GANADOR,Gls90_Eq1,Ast90_Eq1,G+A90_Eq1,G-PK90_Eq1,G+A-PK90_Eq1,SCA90_Eq1,GCA90_Eq1,Sh90_Eq1,SoT90_Eq1,SoT%_Eq1,G/Sh_Eq1,G/SoT_Eq1,GA90_Eq1,Save%_Eq1,SoTA90_Eq1,Gls90_Eq2,Ast90_Eq2,G+A90_Eq2,G-PK90_Eq2,G+A-PK90_Eq2,SCA90_Eq2,GCA90_Eq2,Sh90_Eq2,SoT90_Eq2,SoT%_Eq2,G/Sh_Eq2,G/SoT_Eq2,GA90_Eq2,Save%_Eq2,SoTA90_Eq2,Year
1,hr Dinamo Zagreb,eng Chelsea,1,0,hr Dinamo Zagreb,0.67,0.33,1.0,0.67,1.0,16.67,1.33,9.17,3.33,0.36,0.07,0.2,1.83,0.77,5.83,1.2,0.7,1.9,1.0,1.7,28.3,2.0,15.2,5.1,0.34,0.07,0.2,0.9,0.76,3.7,2023
2,de Dortmund,dk FC Copenhagen,3,0,de Dortmund,1.37,1.25,2.62,1.37,2.62,21.12,2.62,12.12,3.38,0.28,0.11,0.41,0.87,0.83,4.5,0.17,0.17,0.33,0.17,0.33,15.0,0.17,9.0,2.67,0.3,0.02,0.06,2.0,0.71,6.33,2023
3,sct Celtic,es Real Madrid,0,3,es Real Madrid,0.5,0.17,0.67,0.5,0.67,23.5,0.83,13.67,4.83,0.35,0.04,0.1,2.5,0.58,5.17,2.17,1.75,3.92,1.92,3.67,27.92,3.75,15.33,6.17,0.4,0.13,0.31,1.08,0.78,4.5,2023
4,pt Benfica,il Maccabi Haifa,2,0,pt Benfica,2.5,1.6,4.1,2.0,3.6,25.4,4.7,13.3,4.8,0.36,0.15,0.42,1.3,0.68,3.1,1.17,1.0,2.17,1.0,2.0,23.33,2.17,12.67,3.5,0.28,0.08,0.29,3.5,0.5,7.0,2023
5,at RB Salzburg,it Milan,1,1,empate,0.83,0.5,1.33,0.67,1.17,22.33,1.5,14.0,4.5,0.32,0.05,0.15,1.5,0.7,5.0,1.17,0.75,1.92,1.0,1.75,20.17,2.08,11.25,3.5,0.31,0.09,0.29,0.92,0.81,4.33,2023
6,es Sevilla,eng Manchester City,0,4,eng Manchester City,1.0,0.83,1.83,1.0,1.83,19.83,1.5,11.33,4.0,0.35,0.09,0.25,2.0,0.6,5.0,2.38,1.77,4.15,2.23,4.0,28.08,4.0,15.08,6.54,0.43,0.15,0.34,0.38,0.89,2.85,2023
7,de RB Leipzig,ua Shakhtar,1,4,ua Shakhtar,1.62,1.5,3.12,1.62,3.12,19.5,2.62,11.0,4.25,0.39,0.15,0.38,2.12,0.62,4.88,1.33,1.17,2.5,1.33,2.5,13.33,2.33,7.5,2.5,0.33,0.18,0.53,1.67,0.74,6.33,2023
8,fr Paris S-G,it Juventus,2,1,fr Paris S-G,1.87,1.5,3.38,1.75,3.25,22.37,3.5,12.38,5.12,0.41,0.14,0.34,1.25,0.74,4.38,1.5,1.33,2.83,1.5,2.83,23.33,2.67,13.0,4.17,0.32,0.12,0.36,2.17,0.66,5.33,2023
9,nl Ajax,sct Rangers,4,0,nl Ajax,1.83,1.5,3.33,1.67,3.17,18.33,3.33,10.67,3.67,0.34,0.16,0.45,2.67,0.62,6.17,0.33,0.17,0.5,0.17,0.33,11.67,0.67,7.17,1.67,0.23,0.02,0.1,3.67,0.61,8.5,2023
10,de Eint Frankfurt,pt Sporting CP,0,3,pt Sporting CP,0.87,0.62,1.5,0.75,1.37,16.12,1.5,9.37,3.25,0.35,0.08,0.23,1.62,0.73,5.13,1.33,0.83,2.17,1.33,2.17,12.5,2.5,7.5,3.5,0.47,0.18,0.38,1.51,0.76,4.83,2023
11,eng Tottenham,fr Marseille,2,0,eng Tottenham,1.0,0.87,1.87,0.87,1.75,22.12,1.87,11.87,3.62,0.3,0.07,0.24,0.87,0.77,3.75,1.33,1.0,2.33,1.17,2.17,23.17,1.83,13.17,3.83,0.29,0.09,0.3,1.33,0.6,3.33,2023
12,it Napoli,eng Liverpool,4,1,it Napoli,2.6,2.0,4.6,2.2,4.2,31.5,4.7,16.7,6.3,0.38,0.13,0.35,0.8,0.77,3.0,2.37,1.87,4.25,2.25,4.12,27.75,3.87,15.75,6.87,0.44,0.14,0.33,1.5,0.61,3.5,2023
13,es Atlético Madrid,pt Porto,2,1,es Atlético Madrid,0.67,0.5,1.17,0.67,1.17,28.0,1.17,15.83,5.67,0.36,0.04,0.12,1.5,0.7,4.5,1.5,0.87,2.37,1.13,2.0,24.12,2.25,13.87,4.75,0.34,0.08,0.24,1.0,0.82,4.75,2023
14,es Barcelona,cz Viktoria Plzeň,5,1,es Barcelona,2.0,1.67,3.67,2.0,3.67,27.67,3.83,15.0,5.5,0.37,0.13,0.36,2.0,0.63,5.0,0.83,0.67,1.5,0.67,1.33,18.67,1.67,11.17,3.17,0.28,0.06,0.21,4.0,0.56,,2023
15,it Inter,de Bayern Munich,0,2,de Bayern Munich,1.46,1.31,2.77,1.38,2.69,21.62,2.69,12.77,4.77,0.37,0.11,0.29,0.85,0.81,4.38,2.1,1.9,4.0,2.0,3.9,30.2,3.9,16.7,7.2,0.43,0.12,0.28,0.6,0.83,3.6,2023
16,be Club Brugge,de Leverkusen,1,0,be Club Brugge,1.0,0.87,1.87,0.87,1.75,14.63,1.87,8.37,2.5,0.3,0.1,0.35,1.37,0.8,5.63,0.67,0.67,1.33,0.67,1.33,23.83,1.33,13.5,4.5,0.33,0.05,0.15,1.33,0.75,4.0,2023
17,pt Sporting CP,eng Tottenham,2,0,pt Sporting CP,1.33,0.83,2.17,1.33,2.17,12.5,2.5,7.5,3.5,0.47,0.18,0.38,1.51,0.76,4.83,1.0,0.87,1.87,0.87,1.75,22.12,1.87,11.87,3.62,0.3,0.07,0.24,0.87,0.77,3.75,2023
18,cz Viktoria Plzeň,it Inter,0,2,it Inter,0.83,0.67,1.5,0.67,1.33,18.67,1.67,11.17,3.17,0.28,0.06,0.21,4.0,0.56,,1.46,1.31,2.77,1.38,2.69,21.62,2.69,12.77,4.77,0.37,0.11,0.29,0.85,0.81,4.38,2023
19,eng Liverpool,nl Ajax,2,1,eng Liverpool,2.37,1.87,4.25,2.25,4.12,27.75,3.87,15.75,6.87,0.44,0.14,0.33,1.5,0.61,3.5,1.83,1.5,3.33,1.67,3.17,18.33,3.33,10.67,3.67,0.34,0.16,0.45,2.67,0.62,6.17,2023
20,pt Porto,be Club Brugge,0,4,be Club Brugge,1.5,0.87,2.37,1.13,2.0,24.12,2.25,13.87,4.75,0.34,0.08,0.24,1.0,0.82,4.75,1.0,0.87,1.87,0.87,1.75,14.63,1.87,8.37,2.5,0.3,0.1,0.35,1.37,0.8,5.63,2023
21,de Leverkusen,es Atlético Madrid,2,0,de Leverkusen,0.67,0.67,1.33,0.67,1.33,23.83,1.33,13.5,4.5,0.33,0.05,0.15,1.33,0.75,4.0,0.67,0.5,1.17,0.67,1.17,28.0,1.17,15.83,5.67,0.36,0.04,0.12,1.5,0.7,4.5,2023
22,fr Marseille,de Eint Frankfurt,0,1,de Eint Frankfurt,1.33,1.0,2.33,1.17,2.17,23.17,1.83,13.17,3.83,0.29,0.09,0.3,1.33,0.6,3.33,0.87,0.62,1.5,0.75,1.37,16.12,1.5,9.37,3.25,0.35,0.08,0.23,1.62,0.73,5.13,2023
23,de Bayern Munich,es Barcelona,2,0,de Bayern Munich,2.1,1.9,4.0,2.0,3.9,30.2,3.9,16.7,7.2,0.43,0.12,0.28,0.6,0.83,3.6,2.0,1.67,3.67,2.0,3.67,27.67,3.83,15.0,5.5,0.37,0.13,0.36,2.0,0.63,5.0,2023
24,it Milan,hr Dinamo Zagreb,3,1,it Milan,1.17,0.75,1.92,1.0,1.75,20.17,2.08,11.25,3.5,0.31,0.09,0.29,0.92,0.81,4.33,0.67,0.33,1.0,0.67,1.0,16.67,1.33,9.17,3.33,0.36,0.07,0.2,1.83,0.77,5.83,2023
25,ua Shakhtar,sct Celtic,1,1,empate,1.33,1.17,2.5,1.33,2.5,13.33,2.33,7.5,2.5,0.33,0.18,0.53,1.67,0.74,6.33,0.5,0.17,0.67,0.5,0.67,23.5,0.83,13.67,4.83,0.35,0.04,0.1,2.5,0.58,5.17,2023
26,sct Rangers,it Napoli,0,3,it Napoli,0.33,0.17,0.5,0.17,0.33,11.67,0.67,7.17,1.67,0.23,0.02,0.1,3.67,0.61,8.5,2.6,2.0,4.6,2.2,4.2,31.5,4.7,16.7,6.3,0.38,0.13,0.35,0.8,0.77,3.0,2023
27,eng Chelsea,at RB Salzburg,1,1,empate,1.2,0.7,1.9,1.0,1.7,28.3,2.0,15.2,5.1,0.34,0.07,0.2,0.9,0.76,3.7,0.83,0.5,1.33,0.67,1.17,22.33,1.5,14.0,4.5,0.32,0.05,0.15,1.5,0.7,5.0,2023
28,eng Manchester City,de Dortmund,2,1,eng Manchester City,2.38,1.77,4.15,2.23,4.0,28.08,4.0,15.08,6.54,0.43,0.15,0.34,0.38,0.89,2.85,1.37,1.25,2.62,1.37,2.62,21.12,2.62,12.12,3.38,0.28,0.11,0.41,0.87,0.83,4.5,2023
29,dk FC Copenhagen,es Sevilla,0,0,empate,0.17,0.17,0.33,0.17,0.33,15.0,0.17,9.0,2.67,0.3,0.02,0.06,2.0,0.71,6.33,1.0,0.83,1.83,1.0,1.83,19.83,1.5,11.33,4.0,0.35,0.09,0.25,2.0,0.6,5.0,2023
30,it Juventus,pt Benfica,1,2,pt Benfica,1.5,1.33,2.83,1.5,2.83,23.33,2.67,13.0,4.17,0.32,0.12,0.36,2.17,0.66,5.33,2.5,1.6,4.1,2.0,3.6,25.4,4.7,13.3,4.8,0.36,0.15,0.42,1.3,0.68,3.1,2023
31,es Real Madrid,de RB Leipzig,2,0,es Real Madrid,2.17,1.75,3.92,1.92,3.67,27.92,3.75,15.33,6.17,0.4,0.13,0.31,1.08,0.78,4.5,1.62,1.5,3.12,1.62,3.12,19.5,2.62,11.0,4.25,0.39,0.15,0.38,2.12,0.62,4.88,2023
32,il Maccabi Haifa,fr Paris S-G,1,3,fr Paris S-G,1.17,1.0,2.17,1.0,2.0,23.33,2.17,12.67,3.5,0.28,0.08,0.29,3.5,0.5,7.0,1.87,1.5,3.38,1.75,3.25,22.37,3.5,12.38,5.12,0.41,0.14,0.34,1.25,0.74,4.38,2023
33,de Bayern Munich,cz Viktoria Plzeň,5,0,de Bayern Munich,2.1,1.9,4.0,2.0,3.9,30.2,3.9,16.7,7.2,0.43,0.12,0.28,0.6,0.83,3.6,0.83,0.67,1.5,0.67,1.33,18.67,1.67,11.17,3.17,0.28,0.06,0.21,4.0,0.56,,2023
34,fr Marseille,pt Sporting CP,4,1,fr Marseille,1.33,1.0,2.33,1.17,2.17,23.17,1.83,13.17,3.83,0.29,0.09,0.3,1.33,0.6,3.33,1.33,0.83,2.17,1.33,2.17,12.5,2.5,7.5,3.5,0.47,0.18,0.38,1.51,0.76,4.83,2023
35,eng Liverpool,sct Rangers,2,0,eng Liverpool,2.37,1.87,4.25,2.25,4.12,27.75,3.87,15.75,6.87,0.44,0.14,0.33,1.5,0.61,3.5,0.33,0.17,0.5,0.17,0.33,11.67,0.67,7.17,1.67,0.23,0.02,0.1,3.67,0.61,8.5,2023
36,pt Porto,de Leverkusen,2,0,pt Porto,1.5,0.87,2.37,1.13,2.0,24.12,2.25,13.87,4.75,0.34,0.08,0.24,1.0,0.82,4.75,0.67,0.67,1.33,0.67,1.33,23.83,1.33,13.5,4.5,0.33,0.05,0.15,1.33,0.75,4.0,2023
37,de Eint Frankfurt,eng Tottenham,0,0,empate,0.87,0.62,1.5,0.75,1.37,16.12,1.5,9.37,3.25,0.35,0.08,0.23,1.62,0.73,5.13,1.0,0.87,1.87,0.87,1.75,22.12,1.87,11.87,3.62,0.3,0.07,0.24,0.87,0.77,3.75,2023
38,it Inter,es Barcelona,1,0,it Inter,1.46,1.31,2.77,1.38,2.69,21.62,2.69,12.77,4.77,0.37,0.11,0.29,0.85,0.81,4.38,2.0,1.67,3.67,2.0,3.67,27.67,3.83,15.0,5.5,0.37,0.13,0.36,2.0,0.63,5.0,2023
39,nl Ajax,it Napoli,1,6,it Napoli,1.83,1.5,3.33,1.67,3.17,18.33,3.33,10.67,3.67,0.34,0.16,0.45,2.67,0.62,6.17,2.6,2.0,4.6,2.2,4.2,31.5,4.7,16.7,6.3,0.38,0.13,0.35,0.8,0.77,3.0,2023
40,be Club Brugge,es Atlético Madrid,2,0,be Club Brugge,1.0,0.87,1.87,0.87,1.75,14.63,1.87,8.37,2.5,0.3,0.1,0.35,1.37,0.8,5.63,0.67,0.5,1.17,0.67,1.17,28.0,1.17,15.83,5.67,0.36,0.04,0.12,1.5,0.7,4.5,2023
41,de RB Leipzig,sct Celtic,3,1,de RB Leipzig,1.62,1.5,3.12,1.62,3.12,19.5,2.62,11.0,4.25,0.39,0.15,0.38,2.12,0.62,4.88,0.5,0.17,0.67,0.5,0.67,23.5,0.83,13.67,4.83,0.35,0.04,0.1,2.5,0.58,5.17,2023
42,at RB Salzburg,hr Dinamo Zagreb,1,0,at RB Salzburg,0.83,0.5,1.33,0.67,1.17,22.33,1.5,14.0,4.5,0.32,0.05,0.15,1.5,0.7,5.0,0.67,0.33,1.0,0.67,1.0,16.67,1.33,9.17,3.33,0.36,0.07,0.2,1.83,0.77,5.83,2023
43,eng Chelsea,it Milan,3,0,eng Chelsea,1.2,0.7,1.9,1.0,1.7,28.3,2.0,15.2,5.1,0.34,0.07,0.2,0.9,0.76,3.7,1.17,0.75,1.92,1.0,1.75,20.17,2.08,11.25,3.5,0.31,0.09,0.29,0.92,0.81,4.33,2023
44,pt Benfica,fr Paris S-G,1,1,empate,2.5,1.6,4.1,2.0,3.6,25.4,4.7,13.3,4.8,0.36,0.15,0.42,1.3,0.68,3.1,1.87,1.5,3.38,1.75,3.25,22.37,3.5,12.38,5.12,0.41,0.14,0.34,1.25,0.74,4.38,2023
45,eng Manchester City,dk FC Copenhagen,5,0,eng Manchester City,2.38,1.77,4.15,2.23,4.0,28.08,4.0,15.08,6.54,0.43,0.15,0.34,0.38,0.89,2.85,0.17,0.17,0.33,0.17,0.33,15.0,0.17,9.0,2.67,0.3,0.02,0.06,2.0,0.71,6.33,2023
46,es Real Madrid,ua Shakhtar,2,1,es Real Madrid,2.17,1.75,3.92,1.92,3.67,27.92,3.75,15.33,6.17,0.4,0.13,0.31,1.08,0.78,4.5,1.33,1.17,2.5,1.33,2.5,13.33,2.33,7.5,2.5,0.33,0.18,0.53,1.67,0.74,6.33,2023
47,es Sevilla,de Dortmund,1,4,de Dortmund,1.0,0.83,1.83,1.0,1.83,19.83,1.5,11.33,4.0,0.35,0.09,0.25,2.0,0.6,5.0,1.37,1.25,2.62,1.37,2.62,21.12,2.62,12.12,3.38,0.28,0.11,0.41,0.87,0.83,4.5,2023
48,it Juventus,il Maccabi Haifa,3,1,it Juventus,1.5,1.33,2.83,1.5,2.83,23.33,2.67,13.0,4.17,0.32,0.12,0.36,2.17,0.66,5.33,1.17,1.0,2.17,1.0,2.0,23.33,2.17,12.67,3.5,0.28,0.08,0.29,3.5,0.5,7.0,2023
49,dk FC Copenhagen,eng Manchester City,0,0,empate,0.17,0.17,0.33,0.17,0.33,15.0,0.17,9.0,2.67,0.3,0.02,0.06,2.0,0.71,6.33,2.38,1.77,4.15,2.23,4.0,28.08,4.0,15.08,6.54,0.43,0.15,0.34,0.38,0.89,2.85,2023
50,il Maccabi Haifa,it Juventus,2,0,il Maccabi Haifa,1.17,1.0,2.17,1.0,2.0,23.33,2.17,12.67,3.5,0.28,0.08,0.29,3.5,0.5,7.0,1.5,1.33,2.83,1.5,2.83,23.33,2.67,13.0,4.17,0.32,0.12,0.36,2.17,0.66,5.33,2023
51,sct Celtic,de RB Leipzig,0,2,de RB Leipzig,0.5,0.17,0.67,0.5,0.67,23.5,0.83,13.67,4.83,0.35,0.04,0.1,2.5,0.58,5.17,1.62,1.5,3.12,1.62,3.12,19.5,2.62,11.0,4.25,0.39,0.15,0.38,2.12,0.62,4.88,2023
52,de Dortmund,es Sevilla,1,1,empate,1.37,1.25,2.62,1.37,2.62,21.12,2.62,12.12,3.38,0.28,0.11,0.41,0.87,0.83,4.5,1.0,0.83,1.83,1.0,1.83,19.83,1.5,11.33,4.0,0.35,0.09,0.25,2.0,0.6,5.0,2023
53,fr Paris S-G,pt Benfica,1,1,empate,1.87,1.5,3.38,1.75,3.25,22.37,3.5,12.38,5.12,0.41,0.14,0.34,1.25,0.74,4.38,2.5,1.6,4.1,2.0,3.6,25.4,4.7,13.3,4.8,0.36,0.15,0.42,1.3,0.68,3.1,2023
54,it Milan,eng Chelsea,0,2,eng Chelsea,1.17,0.75,1.92,1.0,1.75,20.17,2.08,11.25,3.5,0.31,0.09,0.29,0.92,0.81,4.33,1.2,0.7,1.9,1.0,1.7,28.3,2.0,15.2,5.1,0.34,0.07,0.2,0.9,0.76,3.7,2023
55,hr Dinamo Zagreb,at RB Salzburg,1,1,empate,0.67,0.33,1.0,0.67,1.0,16.67,1.33,9.17,3.33,0.36,0.07,0.2,1.83,0.77,5.83,0.83,0.5,1.33,0.67,1.17,22.33,1.5,14.0,4.5,0.32,0.05,0.15,1.5,0.7,5.0,2023
56,ua Shakhtar,es Real Madrid,1,1,empate,1.33,1.17,2.5,1.33,2.5,13.33,2.33,7.5,2.5,0.33,0.18,0.53,1.67,0.74,6.33,2.17,1.75,3.92,1.92,3.67,27.92,3.75,15.33,6.17,0.4,0.13,0.31,1.08,0.78,4.5,2023
57,it Napoli,nl Ajax,4,2,it Napoli,2.6,2.0,4.6,2.2,4.2,31.5,4.7,16.7,6.3,0.38,0.13,0.35,0.8,0.77,3.0,1.83,1.5,3.33,1.67,3.17,18.33,3.33,10.67,3.67,0.34,0.16,0.45,2.67,0.62,6.17,2023
58,es Atlético Madrid,be Club Brugge,0,0,empate,0.67,0.5,1.17,0.67,1.17,28.0,1.17,15.83,5.67,0.36,0.04,0.12,1.5,0.7,4.5,1.0,0.87,1.87,0.87,1.75,14.63,1.87,8.37,2.5,0.3,0.1,0.35,1.37,0.8,5.63,2023
59,pt Sporting CP,fr Marseille,0,2,fr Marseille,1.33,0.83,2.17,1.33,2.17,12.5,2.5,7.5,3.5,0.47,0.18,0.38,1.51,0.76,4.83,1.33,1.0,2.33,1.17,2.17,23.17,1.83,13.17,3.83,0.29,0.09,0.3,1.33,0.6,3.33,2023
60,sct Rangers,eng Liverpool,1,7,eng Liverpool,0.33,0.17,0.5,0.17,0.33,11.67,0.67,7.17,1.67,0.23,0.02,0.1,3.67,0.61,8.5,2.37,1.87,4.25,2.25,4.12,27.75,3.87,15.75,6.87,0.44,0.14,0.33,1.5,0.61,3.5,2023
61,eng Tottenham,de Eint Frankfurt,3,2,eng Tottenham,1.0,0.87,1.87,0.87,1.75,22.12,1.87,11.87,3.62,0.3,0.07,0.24,0.87,0.77,3.75,0.87,0.62,1.5,0.75,1.37,16.12,1.5,9.37,3.25,0.35,0.08,0.23,1.62,0.73,5.13,2023
62,cz Viktoria Plzeň,de Bayern Munich,2,4,de Bayern Munich,0.83,0.67,1.5,0.67,1.33,18.67,1.67,11.17,3.17,0.28,0.06,0.21,4.0,0.56,,2.1,1.9,4.0,2.0,3.9,30.2,3.9,16.7,7.2,0.43,0.12,0.28,0.6,0.83,3.6,2023
63,de Leverkusen,pt Porto,0,3,pt Porto,0.67,0.67,1.33,0.67,1.33,23.83,1.33,13.5,4.5,0.33,0.05,0.15,1.33,0.75,4.0,1.5,0.87,2.37,1.13,2.0,24.12,2.25,13.87,4.75,0.34,0.08,0.24,1.0,0.82,4.75,2023
64,es Barcelona,it Inter,3,3,empate,2.0,1.67,3.67,2.0,3.67,27.67,3.83,15.0,5.5,0.37,0.13,0.36,2.0,0.63,5.0,1.46,1.31,2.77,1.38,2.69,21.62,2.69,12.77,4.77,0.37,0.11,0.29,0.85,0.81,4.38,2023
65,es Sevilla,dk FC Copenhagen,3,0,es Sevilla,1.0,0.83,1.83,1.0,1.83,19.83,1.5,11.33,4.0,0.35,0.09,0.25,2.0,0.6,5.0,0.17,0.17,0.33,0.17,0.33,15.0,0.17,9.0,2.67,0.3,0.02,0.06,2.0,0.71,6.33,2023
66,at RB Salzburg,eng Chelsea,1,2,eng Chelsea,0.83,0.5,1.33,0.67,1.17,22.33,1.5,14.0,4.5,0.32,0.05,0.15,1.5,0.7,5.0,1.2,0.7,1.9,1.0,1.7,28.3,2.0,15.2,5.1,0.34,0.07,0.2,0.9,0.76,3.7,2023
67,pt Benfica,it Juventus,4,3,pt Benfica,2.5,1.6,4.1,2.0,3.6,25.4,4.7,13.3,4.8,0.36,0.15,0.42,1.3,0.68,3.1,1.5,1.33,2.83,1.5,2.83,23.33,2.67,13.0,4.17,0.32,0.12,0.36,2.17,0.66,5.33,2023
68,sct Celtic,ua Shakhtar,1,1,empate,0.5,0.17,0.67,0.5,0.67,23.5,0.83,13.67,4.83,0.35,0.04,0.1,2.5,0.58,5.17,1.33,1.17,2.5,1.33,2.5,13.33,2.33,7.5,2.5,0.33,0.18,0.53,1.67,0.74,6.33,2023
69,fr Paris S-G,il Maccabi Haifa,7,2,fr Paris S-G,1.87,1.5,3.38,1.75,3.25,22.37,3.5,12.38,5.12,0.41,0.14,0.34,1.25,0.74,4.38,1.17,1.0,2.17,1.0,2.0,23.33,2.17,12.67,3.5,0.28,0.08,0.29,3.5,0.5,7.0,2023
70,de Dortmund,eng Manchester City,0,0,empate,1.37,1.25,2.62,1.37,2.62,21.12,2.62,12.12,3.38,0.28,0.11,0.41,0.87,0.83,4.5,2.38,1.77,4.15,2.23,4.0,28.08,4.0,15.08,6.54,0.43,0.15,0.34,0.38,0.89,2.85,2023
71,de RB Leipzig,es Real Madrid,3,2,de RB Leipzig,1.62,1.5,3.12,1.62,3.12,19.5,2.62,11.0,4.25,0.39,0.15,0.38,2.12,0.62,4.88,2.17,1.75,3.92,1.92,3.67,27.92,3.75,15.33,6.17,0.4,0.13,0.31,1.08,0.78,4.5,2023
72,hr Dinamo Zagreb,it Milan,0,4,it Milan,0.67,0.33,1.0,0.67,1.0,16.67,1.33,9.17,3.33,0.36,0.07,0.2,1.83,0.77,5.83,1.17,0.75,1.92,1.0,1.75,20.17,2.08,11.25,3.5,0.31,0.09,0.29,0.92,0.81,4.33,2023
73,be Club Brugge,pt Porto,0,4,pt Porto,1.0,0.87,1.87,0.87,1.75,14.63,1.87,8.37,2.5,0.3,0.1,0.35,1.37,0.8,5.63,1.5,0.87,2.37,1.13,2.0,24.12,2.25,13.87,4.75,0.34,0.08,0.24,1.0,0.82,4.75,2023
74,it Inter,cz Viktoria Plzeň,4,0,it Inter,1.46,1.31,2.77,1.38,2.69,21.62,2.69,12.77,4.77,0.37,0.11,0.29,0.85,0.81,4.38,0.83,0.67,1.5,0.67,1.33,18.67,1.67,11.17,3.17,0.28,0.06,0.21,4.0,0.56,,2023
75,eng Tottenham,pt Sporting CP,1,1,empate,1.0,0.87,1.87,0.87,1.75,22.12,1.87,11.87,3.62,0.3,0.07,0.24,0.87,0.77,3.75,1.33,0.83,2.17,1.33,2.17,12.5,2.5,7.5,3.5,0.47,0.18,0.38,1.51,0.76,4.83,2023
76,de Eint Frankfurt,fr Marseille,2,1,de Eint Frankfurt,0.87,0.62,1.5,0.75,1.37,16.12,1.5,9.37,3.25,0.35,0.08,0.23,1.62,0.73,5.13,1.33,1.0,2.33,1.17,2.17,23.17,1.83,13.17,3.83,0.29,0.09,0.3,1.33,0.6,3.33,2023
77,es Atlético Madrid,de Leverkusen,2,2,empate,0.67,0.5,1.17,0.67,1.17,28.0,1.17,15.83,5.67,0.36,0.04,0.12,1.5,0.7,4.5,0.67,0.67,1.33,0.67,1.33,23.83,1.33,13.5,4.5,0.33,0.05,0.15,1.33,0.75,4.0,2023
78,es Barcelona,de Bayern Munich,0,3,de Bayern Munich,2.0,1.67,3.67,2.0,3.67,27.67,3.83,15.0,5.5,0.37,0.13,0.36,2.0,0.63,5.0,2.1,1.9,4.0,2.0,3.9,30.2,3.9,16.7,7.2,0.43,0.12,0.28,0.6,0.83,3.6,2023
79,nl Ajax,eng Liverpool,0,3,eng Liverpool,1.83,1.5,3.33,1.67,3.17,18.33,3.33,10.67,3.67,0.34,0.16,0.45,2.67,0.62,6.17,2.37,1.87,4.25,2.25,4.12,27.75,3.87,15.75,6.87,0.44,0.14,0.33,1.5,0.61,3.5,2023
80,it Napoli,sct Rangers,3,0,it Napoli,2.6,2.0,4.6,2.2,4.2,31.5,4.7,16.7,6.3,0.38,0.13,0.35,0.8,0.77,3.0,0.33,0.17,0.5,0.17,0.33,11.67,0.67,7.17,1.67,0.23,0.02,0.1,3.67,0.61,8.5,2023
81,pt Porto,es Atlético Madrid,2,1,pt Porto,1.5,0.87,2.37,1.13,2.0,24.12,2.25,13.87,4.75,0.34,0.08,0.24,1.0,0.82,4.75,0.67,0.5,1.17,0.67,1.17,28.0,1.17,15.83,5.67,0.36,0.04,0.12,1.5,0.7,4.5,2023
82,de Leverkusen,be Club Brugge,0,0,empate,0.67,0.67,1.33,0.67,1.33,23.83,1.33,13.5,4.5,0.33,0.05,0.15,1.33,0.75,4.0,1.0,0.87,1.87,0.87,1.75,14.63,1.87,8.37,2.5,0.3,0.1,0.35,1.37,0.8,5.63,2023
83,eng Liverpool,it Napoli,2,0,eng Liverpool,2.37,1.87,4.25,2.25,4.12,27.75,3.87,15.75,6.87,0.44,0.14,0.33,1.5,0.61,3.5,2.6,2.0,4.6,2.2,4.2,31.5,4.7,16.7,6.3,0.38,0.13,0.35,0.8,0.77,3.0,2023
84,sct Rangers,nl Ajax,1,3,nl Ajax,0.33,0.17,0.5,0.17,0.33,11.67,0.67,7.17,1.67,0.23,0.02,0.1,3.67,0.61,8.5,1.83,1.5,3.33,1.67,3.17,18.33,3.33,10.67,3.67,0.34,0.16,0.45,2.67,0.62,6.17,2023
85,pt Sporting CP,de Eint Frankfurt,1,2,de Eint Frankfurt,1.33,0.83,2.17,1.33,2.17,12.5,2.5,7.5,3.5,0.47,0.18,0.38,1.51,0.76,4.83,0.87,0.62,1.5,0.75,1.37,16.12,1.5,9.37,3.25,0.35,0.08,0.23,1.62,0.73,5.13,2023
86,fr Marseille,eng Tottenham,1,2,eng Tottenham,1.33,1.0,2.33,1.17,2.17,23.17,1.83,13.17,3.83,0.29,0.09,0.3,1.33,0.6,3.33,1.0,0.87,1.87,0.87,1.75,22.12,1.87,11.87,3.62,0.3,0.07,0.24,0.87,0.77,3.75,2023
87,de Bayern Munich,it Inter,2,0,de Bayern Munich,2.1,1.9,4.0,2.0,3.9,30.2,3.9,16.7,7.2,0.43,0.12,0.28,0.6,0.83,3.6,1.46,1.31,2.77,1.38,2.69,21.62,2.69,12.77,4.77,0.37,0.11,0.29,0.85,0.81,4.38,2023
88,cz Viktoria Plzeň,es Barcelona,2,4,es Barcelona,0.83,0.67,1.5,0.67,1.33,18.67,1.67,11.17,3.17,0.28,0.06,0.21,4.0,0.56,,2.0,1.67,3.67,2.0,3.67,27.67,3.83,15.0,5.5,0.37,0.13,0.36,2.0,0.63,5.0,2023
89,es Real Madrid,sct Celtic,5,1,es Real Madrid,2.17,1.75,3.92,1.92,3.67,27.92,3.75,15.33,6.17,0.4,0.13,0.31,1.08,0.78,4.5,0.5,0.17,0.67,0.5,0.67,23.5,0.83,13.67,4.83,0.35,0.04,0.1,2.5,0.58,5.17,2023
90,ua Shakhtar,de RB Leipzig,0,4,de RB Leipzig,1.33,1.17,2.5,1.33,2.5,13.33,2.33,7.5,2.5,0.33,0.18,0.53,1.67,0.74,6.33,1.62,1.5,3.12,1.62,3.12,19.5,2.62,11.0,4.25,0.39,0.15,0.38,2.12,0.62,4.88,2023
91,eng Manchester City,es Sevilla,3,1,eng Manchester City,2.38,1.77,4.15,2.23,4.0,28.08,4.0,15.08,6.54,0.43,0.15,0.34,0.38,0.89,2.85,1.0,0.83,1.83,1.0,1.83,19.83,1.5,11.33,4.0,0.35,0.09,0.25,2.0,0.6,5.0,2023
92,eng Chelsea,hr Dinamo Zagreb,2,1,eng Chelsea,1.2,0.7,1.9,1.0,1.7,28.3,2.0,15.2,5.1,0.34,0.07,0.2,0.9,0.76,3.7,0.67,0.33,1.0,0.67,1.0,16.67,1.33,9.17,3.33,0.36,0.07,0.2,1.83,0.77,5.83,2023
93,dk FC Copenhagen,de Dortmund,1,1,empate,0.17,0.17,0.33,0.17,0.33,15.0,0.17,9.0,2.67,0.3,0.02,0.06,2.0,0.71,6.33,1.37,1.25,2.62,1.37,2.62,21.12,2.62,12.12,3.38,0.28,0.11,0.41,0.87,0.83,4.5,2023
94,it Juventus,fr Paris S-G,1,2,fr Paris S-G,1.5,1.33,2.83,1.5,2.83,23.33,2.67,13.0,4.17,0.32,0.12,0.36,2.17,0.66,5.33,1.87,1.5,3.38,1.75,3.25,22.37,3.5,12.38,5.12,0.41,0.14,0.34,1.25,0.74,4.38,2023
95,it Milan,at RB Salzburg,4,0,it Milan,1.17,0.75,1.92,1.0,1.75,20.17,2.08,11.25,3.5,0.31,0.09,0.29,0.92,0.81,4.33,0.83,0.5,1.33,0.67,1.17,22.33,1.5,14.0,4.5,0.32,0.05,0.15,1.5,0.7,5.0,2023
96,il Maccabi Haifa,pt Benfica,1,6,pt Benfica,1.17,1.0,2.17,1.0,2.0,23.33,2.17,12.67,3.5,0.28,0.08,0.29,3.5,0.5,7.0,2.5,1.6,4.1,2.0,3.6,25.4,4.7,13.3,4.8,0.36,0.15,0.42,1.3,0.68,3.1,2023
97,it Milan,eng Tottenham,1,0,it Milan,1.17,0.75,1.92,1.0,1.75,20.17,2.08,11.25,3.5,0.31,0.09,0.29,0.92,0.81,4.33,1.0,0.87,1.87,0.87,1.75,22.12,1.87,11.87,3.62,0.3,0.07,0.24,0.87,0.77,3.75,2023
98,fr Paris S-G,de Bayern Munich,0,1,de Bayern Munich,1.87,1.5,3.38,1.75,3.25,22.37,3.5,12.38,5.12,0.41,0.14,0.34,1.25,0.74,4.38,2.1,1.9,4.0,2.0,3.9,30.2,3.9,16.7,7.2,0.43,0.12,0.28,0.6,0.83,3.6,2023
99,be Club Brugge,pt Benfica,0,2,pt Benfica,1.0,0.87,1.87,0.87,1.75,14.63,1.87,8.37,2.5,0.3,0.1,0.35,1.37,0.8,5.63,2.5,1.6,4.1,2.0,3.6,25.4,4.7,13.3,4.8,0.36,0.15,0.42,1.3,0.68,3.1,2023
100,de Dortmund,eng Chelsea,1,0,de Dortmund,1.37,1.25,2.62,1.37,2.62,21.12,2.62,12.12,3.38,0.28,0.11,0.41,0.87,0.83,4.5,1.2,0.7,1.9,1.0,1.7,28.3,2.0,15.2,5.1,0.34,0.07,0.2,0.9,0.76,3.7,2023
101,eng Liverpool,es Real Madrid,2,5,es Real Madrid,2.37,1.87,4.25,2.25,4.12,27.75,3.87,15.75,6.87,0.44,0.14,0.33,1.5,0.61,3.5,2.17,1.75,3.92,1.92,3.67,27.92,3.75,15.33,6.17,0.4,0.13,0.31,1.08,0.78,4.5,2023
102,de Eint Frankfurt,it Napoli,0,2,it Napoli,0.87,0.62,1.5,0.75,1.37,16.12,1.5,9.37,3.25,0.35,0.08,0.23,1.62,0.73,5.13,2.6,2.0,4.6,2.2,4.2,31.5,4.7,16.7,6.3,0.38,0.13,0.35,0.8,0.77,3.0,2023
103,it Inter,pt Porto,1,0,it Inter,1.46,1.31,2.77,1.38,2.69,21.62,2.69,12.77,4.77,0.37,0.11,0.29,0.85,0.81,4.38,1.5,0.87,2.37,1.13,2.0,24.12,2.25,13.87,4.75,0.34,0.08,0.24,1.0,0.82,4.75,2023
104,de RB Leipzig,eng Manchester City,1,1,empate,1.62,1.5,3.12,1.62,3.12,19.5,2.62,11.0,4.25,0.39,0.15,0.38,2.12,0.62,4.88,2.38,1.77,4.15,2.23,4.0,28.08,4.0,15.08,6.54,0.43,0.15,0.34,0.38,0.89,2.85,2023
105,pt Benfica,be Club Brugge,5,1,pt Benfica,2.5,1.6,4.1,2.0,3.6,25.4,4.7,13.3,4.8,0.36,0.15,0.42,1.3,0.68,3.1,1.0,0.87,1.87,0.87,1.75,14.63,1.87,8.37,2.5,0.3,0.1,0.35,1.37,0.8,5.63,2023
106,eng Chelsea,de Dortmund,2,0,eng Chelsea,1.2,0.7,1.9,1.0,1.7,28.3,2.0,15.2,5.1,0.34,0.07,0.2,0.9,0.76,3.7,1.37,1.25,2.62,1.37,2.62,21.12,2.62,12.12,3.38,0.28,0.11,0.41,0.87,0.83,4.5,2023
107,eng Tottenham,it Milan,0,0,it Milan,1.0,0.87,1.87,0.87,1.75,22.12,1.87,11.87,3.62,0.3,0.07,0.24,0.87,0.77,3.75,1.17,0.75,1.92,1.0,1.75,20.17,2.08,11.25,3.5,0.31,0.09,0.29,0.92,0.81,4.33,2023
108,de Bayern Munich,fr Paris S-G,2,0,de Bayern Munich,2.1,1.9,4.0,2.0,3.9,30.2,3.9,16.7,7.2,0.43,0.12,0.28,0.6,0.83,3.6,1.87,1.5,3.38,1.75,3.25,22.37,3.5,12.38,5.12,0.41,0.14,0.34,1.25,0.74,4.38,2023
109,pt Porto,it Inter,0,0,it Inter,1.5,0.87,2.37,1.13,2.0,24.12,2.25,13.87,4.75,0.34,0.08,0.24,1.0,0.82,4.75,1.46,1.31,2.77,1.38,2.69,21.62,2.69,12.77,4.77,0.37,0.11,0.29,0.85,0.81,4.38,2023
110,eng Manchester City,de RB Leipzig,7,0,eng Manchester City,2.38,1.77,4.15,2.23,4.0,28.08,4.0,15.08,6.54,0.43,0.15,0.34,0.38,0.89,2.85,1.62,1.5,3.12,1.62,3.12,19.5,2.62,11.0,4.25,0.39,0.15,0.38,2.12,0.62,4.88,2023
111,es Real Madrid,eng Liverpool,1,0,es Real Madrid,2.17,1.75,3.92,1.92,3.67,27.92,3.75,15.33,6.17,0.4,0.13,0.31,1.08,0.78,4.5,2.37,1.87,4.25,2.25,4.12,27.75,3.87,15.75,6.87,0.44,0.14,0.33,1.5,0.61,3.5,2023
112,it Napoli,de Eint Frankfurt,3,0,it Napoli,2.6,2.0,4.6,2.2,4.2,31.5,4.7,16.7,6.3,0.38,0.13,0.35,0.8,0.77,3.0,0.87,0.62,1.5,0.75,1.37,16.12,1.5,9.37,3.25,0.35,0.08,0.23,1.62,0.73,5.13,2023
113,pt Benfica,it Inter,0,2,it Inter,2.5,1.6,4.1,2.0,3.6,25.4,4.7,13.3,4.8,0.36,0.15,0.42,1.3,0.68,3.1,1.46,1.31,2.77,1.38,2.69,21.62,2.69,12.77,4.77,0.37,0.11,0.29,0.85,0.81,4.38,2023
114,eng Manchester City,de Bayern Munich,3,0,eng Manchester City,2.38,1.77,4.15,2.23,4.0,28.08,4.0,15.08,6.54,0.43,0.15,0.34,0.38,0.89,2.85,2.1,1.9,4.0,2.0,3.9,30.2,3.9,16.7,7.2,0.43,0.12,0.28,0.6,0.83,3.6,2023
115,it Milan,it Napoli,1,0,it Milan,1.17,0.75,1.92,1.0,1.75,20.17,2.08,11.25,3.5,0.31,0.09,0.29,0.92,0.81,4.33,2.6,2.0,4.6,2.2,4.2,31.5,4.7,16.7,6.3,0.38,0.13,0.35,0.8,0.77,3.0,2023
116,es Real Madrid,eng Chelsea,2,0,es Real Madrid,2.17,1.75,3.92,1.92,3.67,27.92,3.75,15.33,6.17,0.4,0.13,0.31,1.08,0.78,4.5,1.2,0.7,1.9,1.0,1.7,28.3,2.0,15.2,5.1,0.34,0.07,0.2,0.9,0.76,3.7,2023
117,eng Chelsea,es Real Madrid,0,2,es Real Madrid,1.2,0.7,1.9,1.0,1.7,28.3,2.0,15.2,5.1,0.34,0.07,0.2,0.9,0.76,3.7,2.17,1.75,3.92,1.92,3.67,27.92,3.75,15.33,6.17,0.4,0.13,0.31,1.08,0.78,4.5,2023
118,it Napoli,it Milan,1,1,it Milan,2.6,2.0,4.6,2.2,4.2,31.5,4.7,16.7,6.3,0.38,0.13,0.35,0.8,0.77,3.0,1.17,0.75,1.92,1.0,1.75,20.17,2.08,11.25,3.5,0.31,0.09,0.29,0.92,0.81,4.33,2023
119,it Inter,pt Benfica,3,3,it Inter,1.46,1.31,2.77,1.38,2.69,21.62,2.69,12.77,4.77,0.37,0.11,0.29,0.85,0.81,4.38,2.5,1.6,4.1,2.0,3.6,25.4,4.7,13.3,4.8,0.36,0.15,0.42,1.3,0.68,3.1,2023
120,de Bayern Munich,eng Manchester City,1,1,eng Manchester City,2.1,1.9,4.0,2.0,3.9,30.2,3.9,16.7,7.2,0.43,0.12,0.28,0.6,0.83,3.6,2.38,1.77,4.15,2.23,4.0,28.08,4.0,15.08,6.54,0.43,0.15,0.34,0.38,0.89,2.85,2023
121,es Real Madrid,eng Manchester City,1,1,empate,2.17,1.75,3.92,1.92,3.67,27.92,3.75,15.33,6.17,0.4,0.13,0.31,1.08,0.78,4.5,2.38,1.77,4.15,2.23,4.0,28.08,4.0,15.08,6.54,0.43,0.15,0.34,0.38,0.89,2.85,2023
122,it Milan,it Inter,0,2,it Inter,1.17,0.75,1.92,1.0,1.75,20.17,2.08,11.25,3.5,0.31,0.09,0.29,0.92,0.81,4.33,1.46,1.31,2.77,1.38,2.69,21.62,2.69,12.77,4.77,0.37,0.11,0.29,0.85,0.81,4.38,2023
123,it Inter,it Milan,1,0,it Inter,1.46,1.31,2.77,1.38,2.69,21.62,2.69,12.77,4.77,0.37,0.11,0.29,0.85,0.81,4.38,1.17,0.75,1.92,1.0,1.75,20.17,2.08,11.25,3.5,0.31,0.09,0.29,0.92,0.81,4.33,2023
124,eng Manchester City,es Real Madrid,4,0,eng Manchester City,2.38,1.77,4.15,2.23,4.0,28.08,4.0,15.08,6.54,0.43,0.15,0.34,0.38,0.89,2.85,2.17,1.75,3.92,1.92,3.67,27.92,3.75,15.33,6.17,0.4,0.13,0.31,1.08,0.78,4.5,2023
125,eng Manchester City,it Inter,1,0,eng Manchester City,2.38,1.77,4.15,2.23,4.0,28.08,4.0,15.08,6.54,0.43,0.15,0.34,0.38,0.89,2.85,1.46,1.31,2.77,1.38,2.69,21.62,2.69,12.77,4.77,0.37,0.11,0.29,0.85,0.81,4.38,2023
126,ch Young Boys,de RB Leipzig,1,3,de RB Leipzig,1.0,0.83,1.83,0.83,1.67,20.0,1.83,12.17,3.5,0.29,0.07,0.24,2.17,0.75,7.33,1.75,1.62,3.38,1.75,3.38,27.87,3.38,15.5,5.12,0.33,0.11,0.34,1.5,0.6,3.75,2024
127,it Milan,eng Newcastle Utd,0,0,empate,0.83,0.83,1.67,0.83,1.67,29.17,1.5,15.67,4.5,0.29,0.05,0.19,1.33,0.74,4.5,1.0,0.83,1.83,1.0,1.83,17.83,1.67,10.33,4.17,0.4,0.1,0.24,1.17,0.81,5.83,2024
128,eng Manchester City,rs Red Star,3,1,eng Manchester City,3.0,2.25,5.25,2.62,4.87,39.0,5.63,21.0,8.0,0.38,0.13,0.33,1.13,0.53,2.38,1.0,0.83,1.83,1.0,1.83,23.67,1.67,13.83,4.5,0.33,0.07,0.22,2.5,0.71,7.5,2024
129,fr Paris S-G,de Dortmund,2,0,fr Paris S-G,1.62,1.13,2.75,1.37,2.5,28.75,2.5,16.12,5.12,0.32,0.09,0.27,1.13,0.75,4.5,1.14,1.0,2.14,1.0,2.0,23.0,2.14,13.0,4.43,0.34,0.08,0.23,0.71,0.89,4.13,2024
130,it Lazio,es Atlético Madrid,1,1,empate,1.0,0.62,1.62,0.75,1.37,20.62,1.75,11.37,3.25,0.29,0.07,0.23,1.25,0.68,3.88,2.14,1.29,3.43,2.14,3.43,23.86,3.14,12.71,4.43,0.35,0.17,0.48,1.0,0.77,4.34,2024
131,es Barcelona,be Antwerp,5,0,es Barcelona,1.71,1.71,3.43,1.71,3.43,27.29,3.0,16.0,5.14,0.32,0.11,0.33,1.0,0.68,3.25,1.0,0.67,1.67,1.0,1.67,16.5,1.33,9.17,3.5,0.38,0.11,0.29,2.83,0.56,6.0,2024
132,nl Feyenoord,sct Celtic,2,0,nl Feyenoord,1.33,0.83,2.17,1.33,2.17,26.0,2.33,15.0,5.0,0.33,0.09,0.27,1.67,0.62,3.5,0.83,0.67,1.5,0.67,1.33,12.5,1.67,7.67,3.67,0.48,0.09,0.18,2.5,0.6,6.33,2024
133,ua Shakhtar,pt Porto,1,3,pt Porto,1.5,1.17,2.67,1.5,2.67,19.17,2.67,11.5,4.33,0.38,0.13,0.35,2.0,0.68,6.17,2.29,1.71,4.0,2.14,3.86,23.71,3.57,13.29,6.0,0.45,0.16,0.36,1.14,0.67,3.37,2024
134,es Real Madrid,de Union Berlin,1,0,es Real Madrid,2.12,1.87,4.0,2.12,4.0,34.75,4.12,18.62,6.0,0.32,0.11,0.35,1.0,0.8,4.34,1.0,0.67,1.67,1.0,1.67,16.83,1.67,9.5,3.33,0.35,0.11,0.3,1.67,0.66,4.83,2024
135,tr Galatasaray,dk FC Copenhagen,2,2,empate,1.67,1.0,2.67,1.5,2.5,27.17,3.0,15.0,4.17,0.28,0.1,0.36,2.17,0.48,4.17,1.25,0.75,2.0,1.13,1.87,18.25,2.12,10.25,3.25,0.32,0.11,0.35,1.75,0.7,5.5,2024
136,pt Benfica,at RB Salzburg,0,2,at RB Salzburg,1.17,0.67,1.83,1.17,1.83,20.67,2.17,11.83,4.5,0.38,0.1,0.26,1.83,0.73,5.67,0.67,0.5,1.17,0.5,1.0,20.83,1.17,11.83,3.67,0.31,0.04,0.14,1.33,0.82,5.5,2024
137,pt Braga,it Napoli,1,2,it Napoli,1.0,1.0,2.0,1.0,2.0,26.67,1.83,14.83,3.33,0.23,0.07,0.3,2.0,0.62,5.33,1.29,0.57,1.86,1.14,1.71,24.86,2.29,13.43,4.0,0.3,0.09,0.29,1.43,0.71,5.63,2024
138,eng Arsenal,nl PSV Eindhoven,4,0,eng Arsenal,2.29,1.86,4.14,2.14,4.0,22.0,3.86,12.29,4.43,0.36,0.17,0.48,0.71,0.75,2.77,1.14,0.71,1.86,0.86,1.57,28.43,2.14,15.29,5.0,0.33,0.06,0.17,1.57,0.59,4.25,2024
139,es Real Sociedad,it Inter,1,1,empate,1.0,0.62,1.62,1.0,1.62,23.37,1.5,13.25,4.25,0.32,0.08,0.24,0.75,0.76,3.13,1.29,0.71,2.0,0.86,1.57,25.86,2.0,14.43,4.14,0.29,0.06,0.21,0.71,0.8,4.1,2024
140,de Bayern Munich,eng Manchester Utd,4,3,de Bayern Munich,1.87,1.5,3.38,1.75,3.25,27.87,3.12,15.37,4.37,0.28,0.11,0.4,0.87,0.77,2.75,2.0,1.5,3.5,1.83,3.33,20.33,3.33,11.67,4.33,0.37,0.16,0.42,2.5,0.63,5.83,2024
141,es Sevilla,fr Lens,1,1,empate,1.17,1.0,2.17,1.0,2.0,15.33,2.33,8.67,2.83,0.33,0.12,0.35,2.0,0.63,4.5,1.0,0.67,1.67,0.83,1.5,18.17,2.0,9.83,2.5,0.25,0.08,0.33,1.83,0.72,5.33,2024
142,de Union Berlin,pt Braga,2,3,pt Braga,1.0,0.67,1.67,1.0,1.67,16.83,1.67,9.5,3.33,0.35,0.11,0.3,1.67,0.66,4.83,1.0,1.0,2.0,1.0,2.0,26.67,1.83,14.83,3.33,0.23,0.07,0.3,2.0,0.62,5.33,2024
143,at RB Salzburg,es Real Sociedad,0,2,es Real Sociedad,0.67,0.5,1.17,0.5,1.0,20.83,1.17,11.83,3.67,0.31,0.04,0.14,1.33,0.82,5.5,1.0,0.62,1.62,1.0,1.62,23.37,1.5,13.25,4.25,0.32,0.08,0.24,0.75,0.76,3.13,2024
144,eng Manchester Utd,tr Galatasaray,2,3,tr Galatasaray,2.0,1.5,3.5,1.83,3.33,20.33,3.33,11.67,4.33,0.37,0.16,0.42,2.5,0.63,5.83,1.67,1.0,2.67,1.5,2.5,27.17,3.0,15.0,4.17,0.28,0.1,0.36,2.17,0.48,4.17,2024
145,nl PSV Eindhoven,es Sevilla,2,2,empate,1.14,0.71,1.86,0.86,1.57,28.43,2.14,15.29,5.0,0.33,0.06,0.17,1.57,0.59,4.25,1.17,1.0,2.17,1.0,2.0,15.33,2.33,8.67,2.83,0.33,0.12,0.35,2.0,0.63,4.5,2024
146,it Napoli,es Real Madrid,2,3,es Real Madrid,1.29,0.57,1.86,1.14,1.71,24.86,2.29,13.43,4.0,0.3,0.09,0.29,1.43,0.71,5.63,2.12,1.87,4.0,2.12,4.0,34.75,4.12,18.62,6.0,0.32,0.11,0.35,1.0,0.8,4.34,2024
147,fr Lens,eng Arsenal,2,1,fr Lens,1.0,0.67,1.67,0.83,1.5,18.17,2.0,9.83,2.5,0.25,0.08,0.33,1.83,0.72,5.33,2.29,1.86,4.14,2.14,4.0,22.0,3.86,12.29,4.43,0.36,0.17,0.48,0.71,0.75,2.77,2024
148,dk FC Copenhagen,de Bayern Munich,1,2,de Bayern Munich,1.25,0.75,2.0,1.13,1.87,18.25,2.12,10.25,3.25,0.32,0.11,0.35,1.75,0.7,5.5,1.87,1.5,3.38,1.75,3.25,27.87,3.12,15.37,4.37,0.28,0.11,0.4,0.87,0.77,2.75,2024
149,it Inter,pt Benfica,1,0,it Inter,1.29,0.71,2.0,0.86,1.57,25.86,2.0,14.43,4.14,0.29,0.06,0.21,0.71,0.8,4.1,1.17,0.67,1.83,1.17,1.83,20.67,2.17,11.83,4.5,0.38,0.1,0.26,1.83,0.73,5.67,2024
150,be Antwerp,ua Shakhtar,2,3,ua Shakhtar,1.0,0.67,1.67,1.0,1.67,16.5,1.33,9.17,3.5,0.38,0.11,0.29,2.83,0.56,6.0,1.5,1.17,2.67,1.5,2.67,19.17,2.67,11.5,4.33,0.38,0.13,0.35,2.0,0.68,6.17,2024
151,es Atlético Madrid,nl Feyenoord,3,2,es Atlético Madrid,2.14,1.29,3.43,2.14,3.43,23.86,3.14,12.71,4.43,0.35,0.17,0.48,1.0,0.77,4.34,1.33,0.83,2.17,1.33,2.17,26.0,2.33,15.0,5.0,0.33,0.09,0.27,1.67,0.62,3.5,2024
152,sct Celtic,it Lazio,1,2,it Lazio,0.83,0.67,1.5,0.67,1.33,12.5,1.67,7.67,3.67,0.48,0.09,0.18,2.5,0.6,6.33,1.0,0.62,1.62,0.75,1.37,20.62,1.75,11.37,3.25,0.29,0.07,0.23,1.25,0.68,3.88,2024
153,pt Porto,es Barcelona,0,1,es Barcelona,2.29,1.71,4.0,2.14,3.86,23.71,3.57,13.29,6.0,0.45,0.16,0.36,1.14,0.67,3.37,1.71,1.71,3.43,1.71,3.43,27.29,3.0,16.0,5.14,0.32,0.11,0.33,1.0,0.68,3.25,2024
154,eng Newcastle Utd,fr Paris S-G,4,1,eng Newcastle Utd,1.0,0.83,1.83,1.0,1.83,17.83,1.67,10.33,4.17,0.4,0.1,0.24,1.17,0.81,5.83,1.62,1.13,2.75,1.37,2.5,28.75,2.5,16.12,5.12,0.32,0.09,0.27,1.13,0.75,4.5,2024
155,rs Red Star,ch Young Boys,2,2,empate,1.0,0.83,1.83,1.0,1.83,23.67,1.67,13.83,4.5,0.33,0.07,0.22,2.5,0.71,7.5,1.0,0.83,1.83,0.83,1.67,20.0,1.83,12.17,3.5,0.29,0.07,0.24,2.17,0.75,7.33,2024
156,de Dortmund,it Milan,0,0,empate,1.14,1.0,2.14,1.0,2.0,23.0,2.14,13.0,4.43,0.34,0.08,0.23,0.71,0.89,4.13,0.83,0.83,1.67,0.83,1.67,29.17,1.5,15.67,4.5,0.29,0.05,0.19,1.33,0.74,4.5,2024
157,de RB Leipzig,eng Manchester City,1,3,eng Manchester City,1.75,1.62,3.38,1.75,3.38,27.87,3.38,15.5,5.12,0.33,0.11,0.34,1.5,0.6,3.75,3.0,2.25,5.25,2.62,4.87,39.0,5.63,21.0,8.0,0.38,0.13,0.33,1.13,0.53,2.38,2024
158,it Inter,at RB Salzburg,2,1,it Inter,1.29,0.71,2.0,0.86,1.57,25.86,2.0,14.43,4.14,0.29,0.06,0.21,0.71,0.8,4.1,0.67,0.5,1.17,0.5,1.0,20.83,1.17,11.83,3.67,0.31,0.04,0.14,1.33,0.82,5.5,2024
159,tr Galatasaray,de Bayern Munich,1,3,de Bayern Munich,1.67,1.0,2.67,1.5,2.5,27.17,3.0,15.0,4.17,0.28,0.1,0.36,2.17,0.48,4.17,1.87,1.5,3.38,1.75,3.25,27.87,3.12,15.37,4.37,0.28,0.11,0.4,0.87,0.77,2.75,2024
160,eng Manchester Utd,dk FC Copenhagen,1,0,eng Manchester Utd,2.0,1.5,3.5,1.83,3.33,20.33,3.33,11.67,4.33,0.37,0.16,0.42,2.5,0.63,5.83,1.25,0.75,2.0,1.13,1.87,18.25,2.12,10.25,3.25,0.32,0.11,0.35,1.75,0.7,5.5,2024
161,pt Braga,es Real Madrid,1,2,es Real Madrid,1.0,1.0,2.0,1.0,2.0,26.67,1.83,14.83,3.33,0.23,0.07,0.3,2.0,0.62,5.33,2.12,1.87,4.0,2.12,4.0,34.75,4.12,18.62,6.0,0.32,0.11,0.35,1.0,0.8,4.34,2024
162,pt Benfica,es Real Sociedad,0,1,es Real Sociedad,1.17,0.67,1.83,1.17,1.83,20.67,2.17,11.83,4.5,0.38,0.1,0.26,1.83,0.73,5.67,1.0,0.62,1.62,1.0,1.62,23.37,1.5,13.25,4.25,0.32,0.08,0.24,0.75,0.76,3.13,2024
163,fr Lens,nl PSV Eindhoven,1,1,empate,1.0,0.67,1.67,0.83,1.5,18.17,2.0,9.83,2.5,0.25,0.08,0.33,1.83,0.72,5.33,1.14,0.71,1.86,0.86,1.57,28.43,2.14,15.29,5.0,0.33,0.06,0.17,1.57,0.59,4.25,2024
164,de Union Berlin,it Napoli,0,1,it Napoli,1.0,0.67,1.67,1.0,1.67,16.83,1.67,9.5,3.33,0.35,0.11,0.3,1.67,0.66,4.83,1.29,0.57,1.86,1.14,1.71,24.86,2.29,13.43,4.0,0.3,0.09,0.29,1.43,0.71,5.63,2024
165,es Sevilla,eng Arsenal,1,2,eng Arsenal,1.17,1.0,2.17,1.0,2.0,15.33,2.33,8.67,2.83,0.33,0.12,0.35,2.0,0.63,4.5,2.29,1.86,4.14,2.14,4.0,22.0,3.86,12.29,4.43,0.36,0.17,0.48,0.71,0.75,2.77,2024
166,nl Feyenoord,it Lazio,3,1,nl Feyenoord,1.33,0.83,2.17,1.33,2.17,26.0,2.33,15.0,5.0,0.33,0.09,0.27,1.67,0.62,3.5,1.0,0.62,1.62,0.75,1.37,20.62,1.75,11.37,3.25,0.29,0.07,0.23,1.25,0.68,3.88,2024
167,es Barcelona,ua Shakhtar,2,1,es Barcelona,1.71,1.71,3.43,1.71,3.43,27.29,3.0,16.0,5.14,0.32,0.11,0.33,1.0,0.68,3.25,1.5,1.17,2.67,1.5,2.67,19.17,2.67,11.5,4.33,0.38,0.13,0.35,2.0,0.68,6.17,2024
168,eng Newcastle Utd,de Dortmund,0,1,de Dortmund,1.0,0.83,1.83,1.0,1.83,17.83,1.67,10.33,4.17,0.4,0.1,0.24,1.17,0.81,5.83,1.14,1.0,2.14,1.0,2.0,23.0,2.14,13.0,4.43,0.34,0.08,0.23,0.71,0.89,4.13,2024
169,sct Celtic,es Atlético Madrid,2,2,empate,0.83,0.67,1.5,0.67,1.33,12.5,1.67,7.67,3.67,0.48,0.09,0.18,2.5,0.6,6.33,2.14,1.29,3.43,2.14,3.43,23.86,3.14,12.71,4.43,0.35,0.17,0.48,1.0,0.77,4.34,2024
170,be Antwerp,pt Porto,1,4,pt Porto,1.0,0.67,1.67,1.0,1.67,16.5,1.33,9.17,3.5,0.38,0.11,0.29,2.83,0.56,6.0,2.29,1.71,4.0,2.14,3.86,23.71,3.57,13.29,6.0,0.45,0.16,0.36,1.14,0.67,3.37,2024
171,ch Young Boys,eng Manchester City,1,3,eng Manchester City,1.0,0.83,1.83,0.83,1.67,20.0,1.83,12.17,3.5,0.29,0.07,0.24,2.17,0.75,7.33,3.0,2.25,5.25,2.62,4.87,39.0,5.63,21.0,8.0,0.38,0.13,0.33,1.13,0.53,2.38,2024
172,fr Paris S-G,it Milan,3,0,fr Paris S-G,1.62,1.13,2.75,1.37,2.5,28.75,2.5,16.12,5.12,0.32,0.09,0.27,1.13,0.75,4.5,0.83,0.83,1.67,0.83,1.67,29.17,1.5,15.67,4.5,0.29,0.05,0.19,1.33,0.74,4.5,2024
173,de RB Leipzig,rs Red Star,3,1,de RB Leipzig,1.75,1.62,3.38,1.75,3.38,27.87,3.38,15.5,5.12,0.33,0.11,0.34,1.5,0.6,3.75,1.0,0.83,1.83,1.0,1.83,23.67,1.67,13.83,4.5,0.33,0.07,0.22,2.5,0.71,7.5,2024
174,de Dortmund,eng Newcastle Utd,2,0,de Dortmund,1.14,1.0,2.14,1.0,2.0,23.0,2.14,13.0,4.43,0.34,0.08,0.23,0.71,0.89,4.13,1.0,0.83,1.83,1.0,1.83,17.83,1.67,10.33,4.17,0.4,0.1,0.24,1.17,0.81,5.83,2024
175,ua Shakhtar,es Barcelona,1,0,ua Shakhtar,1.5,1.17,2.67,1.5,2.67,19.17,2.67,11.5,4.33,0.38,0.13,0.35,2.0,0.68,6.17,1.71,1.71,3.43,1.71,3.43,27.29,3.0,16.0,5.14,0.32,0.11,0.33,1.0,0.68,3.25,2024
176,pt Porto,be Antwerp,2,0,pt Porto,2.29,1.71,4.0,2.14,3.86,23.71,3.57,13.29,6.0,0.45,0.16,0.36,1.14,0.67,3.37,1.0,0.67,1.67,1.0,1.67,16.5,1.33,9.17,3.5,0.38,0.11,0.29,2.83,0.56,6.0,2024
177,eng Manchester City,ch Young Boys,3,0,eng Manchester City,3.0,2.25,5.25,2.62,4.87,39.0,5.63,21.0,8.0,0.38,0.13,0.33,1.13,0.53,2.38,1.0,0.83,1.83,0.83,1.67,20.0,1.83,12.17,3.5,0.29,0.07,0.24,2.17,0.75,7.33,2024
178,es Atlético Madrid,sct Celtic,6,0,es Atlético Madrid,2.14,1.29,3.43,2.14,3.43,23.86,3.14,12.71,4.43,0.35,0.17,0.48,1.0,0.77,4.34,0.83,0.67,1.5,0.67,1.33,12.5,1.67,7.67,3.67,0.48,0.09,0.18,2.5,0.6,6.33,2024
179,rs Red Star,de RB Leipzig,1,2,de RB Leipzig,1.0,0.83,1.83,1.0,1.83,23.67,1.67,13.83,4.5,0.33,0.07,0.22,2.5,0.71,7.5,1.75,1.62,3.38,1.75,3.38,27.87,3.38,15.5,5.12,0.33,0.11,0.34,1.5,0.6,3.75,2024
180,it Lazio,nl Feyenoord,1,0,it Lazio,1.0,0.62,1.62,0.75,1.37,20.62,1.75,11.37,3.25,0.29,0.07,0.23,1.25,0.68,3.88,1.33,0.83,2.17,1.33,2.17,26.0,2.33,15.0,5.0,0.33,0.09,0.27,1.67,0.62,3.5,2024
181,it Milan,fr Paris S-G,2,1,it Milan,0.83,0.83,1.67,0.83,1.67,29.17,1.5,15.67,4.5,0.29,0.05,0.19,1.33,0.74,4.5,1.62,1.13,2.75,1.37,2.5,28.75,2.5,16.12,5.12,0.32,0.09,0.27,1.13,0.75,4.5,2024
182,it Napoli,de Union Berlin,1,1,empate,1.29,0.57,1.86,1.14,1.71,24.86,2.29,13.43,4.0,0.3,0.09,0.29,1.43,0.71,5.63,1.0,0.67,1.67,1.0,1.67,16.83,1.67,9.5,3.33,0.35,0.11,0.3,1.67,0.66,4.83,2024
183,es Real Sociedad,pt Benfica,3,1,es Real Sociedad,1.0,0.62,1.62,1.0,1.62,23.37,1.5,13.25,4.25,0.32,0.08,0.24,0.75,0.76,3.13,1.17,0.67,1.83,1.17,1.83,20.67,2.17,11.83,4.5,0.38,0.1,0.26,1.83,0.73,5.67,2024
184,eng Arsenal,es Sevilla,2,0,eng Arsenal,2.29,1.86,4.14,2.14,4.0,22.0,3.86,12.29,4.43,0.36,0.17,0.48,0.71,0.75,2.77,1.17,1.0,2.17,1.0,2.0,15.33,2.33,8.67,2.83,0.33,0.12,0.35,2.0,0.63,4.5,2024
185,es Real Madrid,pt Braga,3,0,es Real Madrid,2.12,1.87,4.0,2.12,4.0,34.75,4.12,18.62,6.0,0.32,0.11,0.35,1.0,0.8,4.34,1.0,1.0,2.0,1.0,2.0,26.67,1.83,14.83,3.33,0.23,0.07,0.3,2.0,0.62,5.33,2024
186,at RB Salzburg,it Inter,0,1,it Inter,0.67,0.5,1.17,0.5,1.0,20.83,1.17,11.83,3.67,0.31,0.04,0.14,1.33,0.82,5.5,1.29,0.71,2.0,0.86,1.57,25.86,2.0,14.43,4.14,0.29,0.06,0.21,0.71,0.8,4.1,2024
187,nl PSV Eindhoven,fr Lens,1,0,nl PSV Eindhoven,1.14,0.71,1.86,0.86,1.57,28.43,2.14,15.29,5.0,0.33,0.06,0.17,1.57,0.59,4.25,1.0,0.67,1.67,0.83,1.5,18.17,2.0,9.83,2.5,0.25,0.08,0.33,1.83,0.72,5.33,2024
188,de Bayern Munich,tr Galatasaray,2,1,de Bayern Munich,1.87,1.5,3.38,1.75,3.25,27.87,3.12,15.37,4.37,0.28,0.11,0.4,0.87,0.77,2.75,1.67,1.0,2.67,1.5,2.5,27.17,3.0,15.0,4.17,0.28,0.1,0.36,2.17,0.48,4.17,2024
189,dk FC Copenhagen,eng Manchester Utd,4,3,dk FC Copenhagen,1.25,0.75,2.0,1.13,1.87,18.25,2.12,10.25,3.25,0.32,0.11,0.35,1.75,0.7,5.5,2.0,1.5,3.5,1.83,3.33,20.33,3.33,11.67,4.33,0.37,0.16,0.42,2.5,0.63,5.83,2024
190,it Lazio,sct Celtic,2,0,it Lazio,1.0,0.62,1.62,0.75,1.37,20.62,1.75,11.37,3.25,0.29,0.07,0.23,1.25,0.68,3.88,0.83,0.67,1.5,0.67,1.33,12.5,1.67,7.67,3.67,0.48,0.09,0.18,2.5,0.6,6.33,2024
191,ua Shakhtar,be Antwerp,1,0,ua Shakhtar,1.5,1.17,2.67,1.5,2.67,19.17,2.67,11.5,4.33,0.38,0.13,0.35,2.0,0.68,6.17,1.0,0.67,1.67,1.0,1.67,16.5,1.33,9.17,3.5,0.38,0.11,0.29,2.83,0.56,6.0,2024
192,eng Manchester City,de RB Leipzig,3,2,eng Manchester City,3.0,2.25,5.25,2.62,4.87,39.0,5.63,21.0,8.0,0.38,0.13,0.33,1.13,0.53,2.38,1.75,1.62,3.38,1.75,3.38,27.87,3.38,15.5,5.12,0.33,0.11,0.34,1.5,0.6,3.75,2024
193,it Milan,de Dortmund,1,3,de Dortmund,0.83,0.83,1.67,0.83,1.67,29.17,1.5,15.67,4.5,0.29,0.05,0.19,1.33,0.74,4.5,1.14,1.0,2.14,1.0,2.0,23.0,2.14,13.0,4.43,0.34,0.08,0.23,0.71,0.89,4.13,2024
194,fr Paris S-G,eng Newcastle Utd,1,1,empate,1.62,1.13,2.75,1.37,2.5,28.75,2.5,16.12,5.12,0.32,0.09,0.27,1.13,0.75,4.5,1.0,0.83,1.83,1.0,1.83,17.83,1.67,10.33,4.17,0.4,0.1,0.24,1.17,0.81,5.83,2024
195,ch Young Boys,rs Red Star,2,0,ch Young Boys,1.0,0.83,1.83,0.83,1.67,20.0,1.83,12.17,3.5,0.29,0.07,0.24,2.17,0.75,7.33,1.0,0.83,1.83,1.0,1.83,23.67,1.67,13.83,4.5,0.33,0.07,0.22,2.5,0.71,7.5,2024
196,es Barcelona,pt Porto,2,1,es Barcelona,1.71,1.71,3.43,1.71,3.43,27.29,3.0,16.0,5.14,0.32,0.11,0.33,1.0,0.68,3.25,2.29,1.71,4.0,2.14,3.86,23.71,3.57,13.29,6.0,0.45,0.16,0.36,1.14,0.67,3.37,2024
197,nl Feyenoord,es Atlético Madrid,1,3,es Atlético Madrid,1.33,0.83,2.17,1.33,2.17,26.0,2.33,15.0,5.0,0.33,0.09,0.27,1.67,0.62,3.5,2.14,1.29,3.43,2.14,3.43,23.86,3.14,12.71,4.43,0.35,0.17,0.48,1.0,0.77,4.34,2024
198,es Sevilla,nl PSV Eindhoven,2,3,nl PSV Eindhoven,1.17,1.0,2.17,1.0,2.0,15.33,2.33,8.67,2.83,0.33,0.12,0.35,2.0,0.63,4.5,1.14,0.71,1.86,0.86,1.57,28.43,2.14,15.29,5.0,0.33,0.06,0.17,1.57,0.59,4.25,2024
199,pt Benfica,it Inter,3,3,empate,1.17,0.67,1.83,1.17,1.83,20.67,2.17,11.83,4.5,0.38,0.1,0.26,1.83,0.73,5.67,1.29,0.71,2.0,0.86,1.57,25.86,2.0,14.43,4.14,0.29,0.06,0.21,0.71,0.8,4.1,2024
200,eng Arsenal,fr Lens,6,0,eng Arsenal,2.29,1.86,4.14,2.14,4.0,22.0,3.86,12.29,4.43,0.36,0.17,0.48,0.71,0.75,2.77,1.0,0.67,1.67,0.83,1.5,18.17,2.0,9.83,2.5,0.25,0.08,0.33,1.83,0.72,5.33,2024
201,pt Braga,de Union Berlin,1,1,empate,1.0,1.0,2.0,1.0,2.0,26.67,1.83,14.83,3.33,0.23,0.07,0.3,2.0,0.62,5.33,1.0,0.67,1.67,1.0,1.67,16.83,1.67,9.5,3.33,0.35,0.11,0.3,1.67,0.66,4.83,2024
202,tr Galatasaray,eng Manchester Utd,3,3,empate,1.67,1.0,2.67,1.5,2.5,27.17,3.0,15.0,4.17,0.28,0.1,0.36,2.17,0.48,4.17,2.0,1.5,3.5,1.83,3.33,20.33,3.33,11.67,4.33,0.37,0.16,0.42,2.5,0.63,5.83,2024
203,es Real Madrid,it Napoli,4,2,es Real Madrid,2.12,1.87,4.0,2.12,4.0,34.75,4.12,18.62,6.0,0.32,0.11,0.35,1.0,0.8,4.34,1.29,0.57,1.86,1.14,1.71,24.86,2.29,13.43,4.0,0.3,0.09,0.29,1.43,0.71,5.63,2024
204,de Bayern Munich,dk FC Copenhagen,0,0,empate,1.87,1.5,3.38,1.75,3.25,27.87,3.12,15.37,4.37,0.28,0.11,0.4,0.87,0.77,2.75,1.25,0.75,2.0,1.13,1.87,18.25,2.12,10.25,3.25,0.32,0.11,0.35,1.75,0.7,5.5,2024
205,es Real Sociedad,at RB Salzburg,0,0,empate,1.0,0.62,1.62,1.0,1.62,23.37,1.5,13.25,4.25,0.32,0.08,0.24,0.75,0.76,3.13,0.67,0.5,1.17,0.5,1.0,20.83,1.17,11.83,3.67,0.31,0.04,0.14,1.33,0.82,5.5,2024
206,fr Lens,es Sevilla,2,1,fr Lens,1.0,0.67,1.67,0.83,1.5,18.17,2.0,9.83,2.5,0.25,0.08,0.33,1.83,0.72,5.33,1.17,1.0,2.17,1.0,2.0,15.33,2.33,8.67,2.83,0.33,0.12,0.35,2.0,0.63,4.5,2024
207,nl PSV Eindhoven,eng Arsenal,1,1,empate,1.14,0.71,1.86,0.86,1.57,28.43,2.14,15.29,5.0,0.33,0.06,0.17,1.57,0.59,4.25,2.29,1.86,4.14,2.14,4.0,22.0,3.86,12.29,4.43,0.36,0.17,0.48,0.71,0.75,2.77,2024
208,eng Manchester Utd,de Bayern Munich,0,1,de Bayern Munich,2.0,1.5,3.5,1.83,3.33,20.33,3.33,11.67,4.33,0.37,0.16,0.42,2.5,0.63,5.83,1.87,1.5,3.38,1.75,3.25,27.87,3.12,15.37,4.37,0.28,0.11,0.4,0.87,0.77,2.75,2024
209,it Inter,es Real Sociedad,0,0,empate,1.29,0.71,2.0,0.86,1.57,25.86,2.0,14.43,4.14,0.29,0.06,0.21,0.71,0.8,4.1,1.0,0.62,1.62,1.0,1.62,23.37,1.5,13.25,4.25,0.32,0.08,0.24,0.75,0.76,3.13,2024
210,at RB Salzburg,pt Benfica,1,3,pt Benfica,0.67,0.5,1.17,0.5,1.0,20.83,1.17,11.83,3.67,0.31,0.04,0.14,1.33,0.82,5.5,1.17,0.67,1.83,1.17,1.83,20.67,2.17,11.83,4.5,0.38,0.1,0.26,1.83,0.73,5.67,2024
211,it Napoli,pt Braga,2,0,it Napoli,1.29,0.57,1.86,1.14,1.71,24.86,2.29,13.43,4.0,0.3,0.09,0.29,1.43,0.71,5.63,1.0,1.0,2.0,1.0,2.0,26.67,1.83,14.83,3.33,0.23,0.07,0.3,2.0,0.62,5.33,2024
212,dk FC Copenhagen,tr Galatasaray,1,0,dk FC Copenhagen,1.25,0.75,2.0,1.13,1.87,18.25,2.12,10.25,3.25,0.32,0.11,0.35,1.75,0.7,5.5,1.67,1.0,2.67,1.5,2.5,27.17,3.0,15.0,4.17,0.28,0.1,0.36,2.17,0.48,4.17,2024
213,de Union Berlin,es Real Madrid,2,3,es Real Madrid,1.0,0.67,1.67,1.0,1.67,16.83,1.67,9.5,3.33,0.35,0.11,0.3,1.67,0.66,4.83,2.12,1.87,4.0,2.12,4.0,34.75,4.12,18.62,6.0,0.32,0.11,0.35,1.0,0.8,4.34,2024
214,de RB Leipzig,ch Young Boys,2,1,de RB Leipzig,1.75,1.62,3.38,1.75,3.38,27.87,3.38,15.5,5.12,0.33,0.11,0.34,1.5,0.6,3.75,1.0,0.83,1.83,0.83,1.67,20.0,1.83,12.17,3.5,0.29,0.07,0.24,2.17,0.75,7.33,2024
215,rs Red Star,eng Manchester City,2,3,eng Manchester City,1.0,0.83,1.83,1.0,1.83,23.67,1.67,13.83,4.5,0.33,0.07,0.22,2.5,0.71,7.5,3.0,2.25,5.25,2.62,4.87,39.0,5.63,21.0,8.0,0.38,0.13,0.33,1.13,0.53,2.38,2024
216,eng Newcastle Utd,it Milan,1,2,it Milan,1.0,0.83,1.83,1.0,1.83,17.83,1.67,10.33,4.17,0.4,0.1,0.24,1.17,0.81,5.83,0.83,0.83,1.67,0.83,1.67,29.17,1.5,15.67,4.5,0.29,0.05,0.19,1.33,0.74,4.5,2024
217,pt Porto,ua Shakhtar,5,3,pt Porto,2.29,1.71,4.0,2.14,3.86,23.71,3.57,13.29,6.0,0.45,0.16,0.36,1.14,0.67,3.37,1.5,1.17,2.67,1.5,2.67,19.17,2.67,11.5,4.33,0.38,0.13,0.35,2.0,0.68,6.17,2024
218,sct Celtic,nl Feyenoord,2,1,sct Celtic,0.83,0.67,1.5,0.67,1.33,12.5,1.67,7.67,3.67,0.48,0.09,0.18,2.5,0.6,6.33,1.33,0.83,2.17,1.33,2.17,26.0,2.33,15.0,5.0,0.33,0.09,0.27,1.67,0.62,3.5,2024
219,de Dortmund,fr Paris S-G,1,1,empate,1.14,1.0,2.14,1.0,2.0,23.0,2.14,13.0,4.43,0.34,0.08,0.23,0.71,0.89,4.13,1.62,1.13,2.75,1.37,2.5,28.75,2.5,16.12,5.12,0.32,0.09,0.27,1.13,0.75,4.5,2024
220,be Antwerp,es Barcelona,3,2,be Antwerp,1.0,0.67,1.67,1.0,1.67,16.5,1.33,9.17,3.5,0.38,0.11,0.29,2.83,0.56,6.0,1.71,1.71,3.43,1.71,3.43,27.29,3.0,16.0,5.14,0.32,0.11,0.33,1.0,0.68,3.25,2024
221,es Atlético Madrid,it Lazio,2,0,es Atlético Madrid,2.14,1.29,3.43,2.14,3.43,23.86,3.14,12.71,4.43,0.35,0.17,0.48,1.0,0.77,4.34,1.0,0.62,1.62,0.75,1.37,20.62,1.75,11.37,3.25,0.29,0.07,0.23,1.25,0.68,3.88,2024
